"time","mean","stdev","min","max","q1","q3","median","throughput","('sDE2', 'sCH')","('sDE2', 'sLU')","('sDE2', 'sNL')","('sDE2', 'sPL')","('sDE2', 'sTR')","('sDE2', 'sCZ')","('sDE2', 'sCY')","('sDE2', 'sIL')","('sDE2', 'sDK')","('sDE1', 'sNL')","('sDE1', 'sDK')","('sBE', 'sNL')","('sBE', 'sUK')","('sNO', 'sSE')","('sNO', 'sDK')","('sNL', 'sLU')","('sNL', 'sDK')","('sBY', 'sPL')","('sSI', 'sHR')","('sSI', 'sAT')","('sBG', 'sMK')","('sBG', 'sHU')","('sBG', 'sAT')","('sSK', 'sCZ')","('sSK', 'sHU')","('sSK', 'sAT')","('sFI', 'sSE')","('sSE', 'sDK')","('sDK', 'sIS')","('sDK', 'sEE')","('sIS', 'sUK')","('sUA', 'sPL')","('sIT', 'sMT')","('sIT', 'sGR')","('sIT', 'sFR2')","('sIT', 'sCH')","('sIT', 'sAT')","('sUK', 'sPT')","('sUK', 'sCY')","('sUK', 'sIE')","('sUK', 'sFR1')","('sUK', 'sIL')","('sME', 'sHU')","('sMD', 'sRO')","('sES', 'sFR1')","('sES', 'sFR2')","('sES', 'sPT')","('sCH', 'sFR1')","('sCH', 'sFR2')","('sGR', 'sAT')","('sEE', 'sLV')","('sCZ', 'sPL')","('sAT', 'sRO')","('sHR', 'sHU')","('sHU', 'sRO')","('sHU', 'sRS')","('sHU', 'sTR')","('sLT', 'sLV')","('sLT', 'sPL')"
0.1,0.1287134122992467,0.13641260185894977,0.1287134122992467,0.7663259745712024,0.053164408373311406,0.169081614591167,0.09891168800926728,7594091325.655557,0.7663259745712024,0.08027016617235246,0.05329312014012815,0.044158678614663674,0.34779974102345446,0.17021693563041132,0.17364639386058928,0.1072199067521636,0.39765919438806036,0.09891168800926728,0.09891168800926728,0.0,0.2816006319467877,0.1679462935519227,0.05329312014012815,0.09313307492654373,0.0,0.11446442535932869,0.09903064475966278,0.059013125975300444,0.04801792171444447,0.1201095841099625,0.09217660032910814,0.11776517182268989,0.10418467689441681,0.20134469492043744,0.0,0.11465317341179453,0.11654911260006001,0.0,0.06903460554265542,0.0,0.0,0.051318668177805685,0.11980731655650136,0.36282047432892917,0.37794830979600774,0.059013125975300444,0.11724138631951855,0.0,0.3501446873306557,0.17576396213603157,0.0,0.07595090549529883,0.0,0.0664465036448842,0.0,0.3501446873306557,0.05336081291161714,0.10214253216060534,0.053164408373311406,0.21178751234730375,0.1930677389616628,0.09903064475966278,0.03275565911494786,0.09732308698797511,0.34779974102345446,0.053164408373311406,0.053164408373311406
0.2,0.2778861220120013,0.28113648411674824,0.2778861220120013,0.939737223815314,0.06865919652254418,0.5263746700948065,0.12869155235726468,16395281198.708078,0.939737223815314,0.10087000406454745,0.13770112361529346,0.0,0.7999462123451142,0.6408772442288285,0.7435603167182019,0.12869155235726468,0.7823467896311886,0.20441420791129447,0.07606773520864758,0.1206173502884455,0.34144195433513247,0.54932526003289,0.0,0.0355350466451998,0.0903044688177058,0.0,0.0,0.0196868019917056,0.039450515755677276,0.41328168440984375,0.35156233223108574,0.08163025309083481,0.0,0.2044001160364832,0.341271022185598,0.8905962822184883,0.6722103751870045,0.0355350466451998,0.6445178294155331,0.045826356690687464,0.11172143438875867,0.048989604917416905,0.10853884019174548,0.6519257792275823,0.6061187685071785,0.12661262208554816,0.667451925642829,0.12014101063589137,0.6308681171357551,0.12869155235726468,0.0,0.31902901186885824,0.054769422172506015,0.0681156929816084,0.14169274351174924,0.5034240801567231,0.06920270006347995,0.11326416542120885,0.1068333338238214,0.17314158142004776,0.7159848498496169,0.0,0.32656135687469856,0.08068579115154735,0.7999462123451142,0.16285027137456012,0.1273152247293603
0.3,0.31489404168699936,0.2688222568482197,0.31489404168699936,0.9866648881357108,0.08170046170269625,0.47304958056682767,0.2417046912473248,18578748459.532967,0.8816320002306408,0.2526570361041693,0.1934391873600885,0.1544370688876018,0.9866648881357108,0.7388689889344862,0.4686555612791215,0.0734314798702991,0.9227621641610889,0.16808661806824446,0.08093609090585117,0.14103206618191283,0.5310792252236934,0.6201700235815569,0.20579624528297252,0.2526570361041693,0.1292079995338258,0.0,0.0,0.030140699142285062,0.05778620682693181,0.4667618495849916,0.39511345019220373,0.2894101444390985,0.08170046170269625,0.21398427339521076,0.3781936145401211,0.8252822952944109,0.7213152052942482,0.2882064363830823,0.7138105942586961,0.14956768800323084,0.023145616749747105,0.27270901464728364,0.08170046170269625,0.5298773751021988,0.3645525218015689,0.065416259701457,0.5393380062249691,0.16269195370142936,0.47744359985453383,0.0,0.08170046170269625,0.24444031346240386,0.065416259701457,0.08170046170269625,0.065416259701457,0.47744359985453383,0.04910390689941552,0.21744838184282478,0.2749590452384501,0.23120071221817348,0.5875422714738353,0.0,0.4493346526956051,0.2417046912473248,0.9866648881357108,0.3621095724008432,0.23290157286701765
0.4,0.29196693463840684,0.2733238856711588,0.29196693463840684,0.9890041972170479,0.09774371767971489,0.4599131819924175,0.19522540719721224,17226049143.666004,0.9890041972170479,0.17192069068684082,0.259759248709816,0.12281676343714283,0.983851841444673,0.5822698858691943,0.6657020164744681,0.21114537013057114,0.8524252276764805,0.13975854145088368,0.21760881555071931,0.09614617077174893,0.4299291694812879,0.489897194503547,0.05055797580081368,0.2681849786742647,0.23319490204202656,0.0,0.0,0.0,0.13946111383388418,0.27849082804641867,0.3372278054380688,0.1322711837003366,0.08196105780850114,0.11460604010313527,0.16117979584856923,0.6074243548672038,0.9087996333601652,0.08393143254545386,0.6450974458453955,0.03345877367060511,0.1265517790517987,0.14333769816149275,0.0,0.40713928294033036,0.21876413085164972,0.03982675544414363,0.6416202025431529,0.0,0.5108614180960688,0.14022829632712708,0.006933200296391579,0.31104991556738204,0.12924837561590874,0.19522540719721224,0.03971911971637247,0.6149426202598018,0.17305996107761484,0.3258021934512217,0.09934126458768085,0.17294663857120432,0.5707357384405826,0.0,0.6030786977957384,0.06610996465990612,0.9157201022401625,0.22341929744605307,0.26230462833774204
0.5,0.2807917306503592,0.28169534018585224,0.2807917306503592,0.9845205174964863,0.07321757738314835,0.4497651326423621,0.17590008333745077,16566712108.371193,0.979465161667165,0.061359921318964436,0.3339184258538229,0.22340194361758578,0.9845205174964863,0.4837814408026,0.7198882101801563,0.21237898119492926,0.7043919485706639,0.08206266341974383,0.21723492702807018,0.20851415007630897,0.28638685703294814,0.6100734270932772,0.12629198629067703,0.06847965113945101,0.0,0.0,0.037453849872941807,0.08677549960076049,0.19128225833478638,0.2534707125888044,0.2914214322398831,0.07521868703598224,0.06487688902033789,0.010341798015644353,0.15605058636815436,0.6497827144153754,0.9354514680011048,0.048215028345147216,0.8236302045038835,0.055901293742080436,0.06772387425842522,0.14289034828480787,0.07121646773031447,0.5964639900993558,0.11748752746587461,0.32397412650801344,0.7198882101801563,0.09700975626230733,0.48397071242115525,0.13031631777518535,0.08191326427222886,0.19727464952844312,0.1340376563416718,0.17590008333745077,0.21976420061342344,0.4764180090303808,0.1320011105581972,0.2147846628057387,0.0,0.0,0.6186409734589479,0.037453849872941807,0.42311225625434346,0.0,0.9302280732192804,0.09017087086072531,0.1020484823640857
0.6,0.295987218427802,0.27894075881253644,0.295987218427802,0.9927963422186017,0.08624695318992823,0.4267924329209732,0.15531740214201442,17463245887.24033,0.9839131119886533,0.0480180075765205,0.788675957223201,0.25444171980026453,0.9927963422186017,0.4187427790985629,0.768082750603313,0.10846313741758945,0.5845006442183431,0.06773700699743747,0.40265387264186553,0.5548320842838552,0.2183399841110869,0.3570505547835514,0.06592308522635043,0.0480180075765205,0.22280373900768446,0.08624695318992823,0.08591549243763259,0.09317489486712303,0.15531740214201442,0.3778579544133119,0.5395084568374102,0.15812827064701346,0.06787817011359054,0.1380023756667179,0.21678862054666492,0.5960909708569798,0.9483117349606156,0.08624695318992823,0.8533229183224053,0.09317489486712303,0.10868377749073672,0.10094926710548943,0.13435405430358566,0.40513497840760543,0.4023513466418314,0.07728330965508136,0.7200647430267927,0.17278608361340175,0.40528086254619045,0.10846313741758945,0.08014634493953209,0.08684179458503917,0.04209588081713616,0.08475577856005727,0.10422387531871835,0.44604191795603015,0.04648926243508896,0.18001668945216215,0.10596595261084521,0.018791069572999274,0.5444011464089676,0.08591549243763259,0.4348420867433835,0.06852173450731751,0.9059545476335622,0.10596595261084521,0.10596595261084521
0.7,0.3197325412057346,0.29799086322078594,0.3197325412057346,0.9903482900901023,0.10987859492799237,0.4855054161407507,0.1620316681434974,18864219931.138336,0.9689319447263673,0.1660288233300436,0.8741946769710803,0.34494934132663546,0.9001912034154399,0.630859646804464,0.9232744457503147,0.05098887835450659,0.4755427380088927,0.12476030319304349,0.39749699144425743,0.5670215646728032,0.2791757972058329,0.48052938687013014,0.15756417476786794,0.05187622297993862,0.05939894495284596,0.007522721972907333,0.1415128947417332,0.17976526998279457,0.16161725342339459,0.21350661397444196,0.42724214776037783,0.3272291874586001,0.11378776284159932,0.08714830097945377,0.17362629113447342,0.6677272435442441,0.8655739651865593,0.05939894495284596,0.7847653384748623,0.12577212735878193,0.0,0.0,0.009573106810071765,0.24329761955586388,0.3326811560168893,0.06535024883965607,0.9232744457503147,0.15777452452476884,0.4904814454113713,0.14170164152966372,0.0,0.0932219708792049,0.14121391176522974,0.14335378042357116,0.10596942701438543,0.574757822774024,0.14335378042357116,0.08368110354779575,0.049549934141993456,0.2694195296587596,0.7904684988711914,0.15392623890924081,0.7024827946324438,0.1620316681434974,0.9903482900901023,0.15366292143159616,0.15366292143159616
0.8,0.33992541543984933,0.3222589930843726,0.33992541543984933,0.9942889233151855,0.06670044064272063,0.5617015116509596,0.16354466900652362,20055599510.951115,0.9873125935031821,0.07981951374028777,0.8790591099635677,0.1884039304939836,0.9241340468453507,0.5626903977571178,0.8769307894671949,0.7556589051612873,0.5015690934832361,0.292905515946698,0.5150736492708499,0.5607126255448015,0.9531705001630851,0.5162678124301879,0.011022622778572133,0.13676506151664683,0.10659469478096056,0.08209528673862083,0.0007004266262339732,0.06635022732960363,0.13270045465920727,0.3809916297822724,0.46082170155272306,0.17967471001651045,0.0970484121337164,0.12877691124191995,0.11605381046099497,0.6822099254794892,0.9177811299070346,0.05689111164956922,0.8514309025774311,0.12324133897917287,0.0,0.12438544852296449,0.0,0.3576974874895457,0.2727778950244718,0.06574985814573774,0.8769307894671949,0.16354466900652362,0.5418461289275445,0.7562592743451532,0.0,0.18272814945810512,0.06549529571243641,0.13124515385817417,0.06574985814573774,0.629579971683321,0.12179522488152417,0.12373913905927636,0.05689111164956922,0.051305594546820425,0.6040371232601407,0.0670506539558376,0.5213643633998317,0.04249633181536906,0.9942889233151855,0.05689111164956922,0.05689111164956922
0.9,0.3666592908018771,0.2953184658096771,0.3666592908018771,0.9926461282371186,0.11985174124666817,0.6071355062110757,0.26029722583485676,21632898157.310745,0.9728423960953322,0.18136257154965957,0.79901708228383,0.3426170606768885,0.9608880301599887,0.48643630046593084,0.7624861683041457,0.6809457617563991,0.5874785550350001,0.06979338396715351,0.3568944107822477,0.45693640118685147,0.9776325101001216,0.34315062973043425,0.03827612692609538,0.10391217186178855,0.11720914314064582,0.1630029686099274,0.03573619029286651,0.06972705617162189,0.17519030263611038,0.4214548052657366,0.6069874004449652,0.11433430147728772,0.18873018060149302,0.26029722583485676,0.1760471429734047,0.4692639467765866,0.9533155565230881,0.26432631948589846,0.8116888092117501,0.22014251752891104,0.04528970674722959,0.20072773529301113,0.2690481688827503,0.6363523368568407,0.3999275131958545,0.15238024122523136,0.7624861683041457,0.13165998104629467,0.5793969252742877,0.6808401592377901,0.08800029068513385,0.08685291640406236,0.12249433935269054,0.19211917937647818,0.18710204010080966,0.6320813634096057,0.027832909175686375,0.20888845426434555,0.26432631948589846,0.072965061669418,0.746820966516567,0.10739492995494175,0.6072836119771862,0.0,0.9926461282371186,0.19240688309248236,0.07745039968787099
1.0,0.38215085186701736,0.3019917742280777,0.38215085186701736,0.9989659341106267,0.13722505830035014,0.6138421312238573,0.2939040931097371,22546900260.15403,0.9764722684445387,0.1453710721375207,0.8051838912290642,0.5630336306124093,0.992780250647839,0.7629546906908433,0.970186708195657,0.7913532956867403,0.7260759836701234,0.07229106994464676,0.5252274462778693,0.6475177811362274,0.9989659341106267,0.3183829944974796,0.0,0.1453710721375207,0.14729298432268126,0.2859738529494889,0.21432341382837672,0.14864949076757156,0.14194723746757432,0.38185425437615456,0.5811381473885601,0.3998422333504301,0.2747452808896209,0.3886718468665324,0.06256878532522661,0.3809517798227063,0.7398978412894374,0.28234120858529466,0.6773290559642109,0.06256878532522661,0.007381133520323276,0.2939040931097371,0.10032868505475208,0.4345676042018166,0.3340144624123205,0.132502879133126,0.8978956382510105,0.06256878532522661,0.5602119229013734,0.7374471393198687,0.08516875608889957,0.06256878532522661,0.06686149743024908,0.10915553109951492,0.17601702852976403,0.6270734203316224,0.0,0.35647287843496367,0.22010455996408962,0.15261795429578828,0.6006108421160923,0.1282427083860317,0.48567589555286317,0.07070853186043245,0.9373347134891153,0.15179082980096997,0.14440969628064668
1.1,0.39012390026427246,0.3240718355823744,0.39012390026427246,0.9965334044909699,0.11523352324892774,0.6569704662819651,0.28664962874125177,23017310115.59208,0.960332232867996,0.15468774645586447,0.8359549296530637,0.742765951753563,0.9965334044909699,0.8967425639125056,0.7230292185706203,0.6609840969233306,0.5679266633578637,0.0,0.30201900763770917,0.49641445906503384,0.9802551063205704,0.28664962874125177,0.0,0.09643049368021304,0.1370102716933458,0.11809440012726864,0.18404776836369213,0.05904720006363427,0.12037016891342021,0.381280376782088,0.47614425108599784,0.6529568356405997,0.14023345048457383,0.7118432780833478,0.11336201024239123,0.47994019337956195,0.9059348273808876,0.20942768812258594,0.8468876273172529,0.10301393781733334,0.01003518841234268,0.6168282856516413,0.1846519739603396,0.2593782627163585,0.3783118630887326,0.01099676110292436,0.7129940301582778,0.05904720006363427,0.8745023691357118,0.6204043189101979,0.017218446086523103,0.09295788675312724,0.0,0.09374924532330663,0.04978250756960759,0.8745023691357118,0.0,0.6101571121273103,0.1262033870389793,0.28807304505213144,0.6187522523556515,0.20405703745937134,0.5449823015268397,0.1254123290463065,0.958580812037298,0.11710503625546427,0.2283063056957547
1.2,0.3958258722438556,0.3184572270565127,0.3958258722438556,1.0000000000000004,0.0880946332714647,0.6263044975919484,0.34201071545433126,23353726462.387474,0.989260428154159,0.0814658170577998,0.8856322097374352,0.6840200362020107,0.9950171070431344,0.9590208409044672,0.8676430302799076,0.7560045493208681,0.48712399813639345,0.1612106405149955,0.5685889589818861,0.5416727266263613,1.0000000000000004,0.3550432707258024,0.031137969154252522,0.24267645757279535,0.14437441934441217,0.07598835435059526,0.11943695901536629,0.07782199948424286,0.15175991822370535,0.38860231807117934,0.42931374552417695,0.5682223403649016,0.05620485749867639,0.4871030577549106,0.0379941771752976,0.3930374479010999,0.9092944900263742,0.3410787772344908,0.8196672282507326,0.0379941771752976,0.05185920242102489,0.5428228910538051,0.052656679814649394,0.3891646880839251,0.34201071545433126,0.06722726391191752,0.8296488531046105,0.12876640149440344,0.7268606407625582,0.7287899356985552,0.16610677165738652,0.12141364829628708,0.06505489875678384,0.03982782230894526,0.029233086736619878,0.7520708970406335,0.09248450212359466,0.5627313587610682,0.2596129601766911,0.217827261291784,0.5199960257875893,0.15926247834663934,0.4522951653221562,0.04675526761397534,0.9768064267197548,0.30532354742072826,0.08370476441933475
1.3,0.5173198257507599,0.3055711473199561,0.5173198257507599,0.9996542845594024,0.2323252379528602,0.769229969165466,0.499739806490951,30521869719.294834,0.9950490697974353,0.0,0.7369563651032496,0.7659532607869759,0.9941808040686836,0.9516823192811837,0.8246544014948505,0.7245785109239985,0.4253702999867271,0.48965983154271403,0.8212243588751679,0.5485916484986274,0.9996542845594024,0.41097987188502344,0.0333606060248771,0.499739806490951,0.07922998504290957,0.16020714839306185,0.7502473630116014,0.7273290073806424,0.12999889496303083,0.48332464070400166,0.4008219277992663,0.6330337064637191,0.2743735869701541,0.3667748154327763,0.0333606060248771,0.4547827283038183,0.9135525733308156,0.8769063018729104,0.9408223811278335,0.16560996866621613,0.34669051690416647,0.40013542145765335,0.2847044057749506,0.8930750986596351,0.8310889875304193,0.09881968037764849,0.7912937954699737,0.17496960347818724,0.7725066775439561,0.6997601706005253,0.005550395443856459,0.13864646211040774,0.648688212674584,0.7340765898355054,0.0723569414985747,0.7056180166194064,0.781283029238859,0.5002172395322847,0.7090942482446776,0.22356442295523815,0.44606428588258923,0.21991667670007356,0.45007646072198915,0.1264366162852991,0.9941808040686836,0.6199578319276989,0.24108605295048224
1.4,0.519832633140482,0.314007717779046,0.519832633140482,0.9941233563362766,0.203133162491704,0.7365055465519001,0.5805976569344928,30670125355.28844,0.991064704111647,0.07726809476311347,0.7434491494927334,0.9799149242046337,0.9888222203814928,0.9440344978120598,0.9406243954873389,0.7162485820908925,0.42715882975035,0.3835342213652681,0.6850941331694377,0.6080618097904164,0.9938497948983078,0.3672287981797625,0.06758096706418758,0.46017893177953073,0.2575149502764521,0.2979253502029091,0.6727939780913113,0.7295619436110667,0.11643962531225277,0.6252062867692598,0.6565861904694349,0.6449709863323584,0.1513466236954919,0.5986845934453278,0.14796710258308843,0.46505095710146244,0.9312903549564647,0.9919813087190196,0.9763901015972585,0.1476324314922099,0.15159552397977877,0.4669880753127886,0.12223737474198847,0.9519227873048178,0.9009413100631575,0.1166870269547314,0.9153752050314797,0.1432531932591925,0.4075888967425875,0.7532034643439994,0.0,0.040402888997784325,0.6285699226556052,0.6046459046773803,0.07836914118263606,0.41652078821727684,0.6949901643481265,0.5805976569344928,0.6059965214242797,0.2546708010036292,0.3770120125269227,0.11623169414870903,0.42697079333211296,0.11074132444566102,0.9941233563362766,0.584945889109703,0.4400867992167761
1.5,0.5109806728912399,0.29697816709833885,0.5109806728912399,0.996743831421495,0.21297242037988295,0.7060349638872403,0.5592542775896052,30147859700.583157,0.996743831421495,0.09942518838030888,0.6073701960275095,0.9404901132398252,0.9567663662966865,0.8658350285744734,0.7445432572523392,0.6966671464588502,0.5425202744207288,0.6277212855244193,0.6675093332972347,0.562786882570363,0.9903921985327817,0.2980388382188378,0.19587006585293804,0.4675287801780112,0.17377468131584584,0.15494010933849317,0.7957501447651897,0.6620304779827342,0.1332566640710487,0.5592542775896052,0.5982755393262432,0.6448060109123792,0.2816707355166296,0.44694399832259313,0.18971867909443735,0.3924604446670308,0.9671507585307388,0.9922569150104584,0.990756498015909,0.1794773147434979,0.11196090001021317,0.7446447420605634,0.109309348999045,0.9782477362270812,0.6827217021400066,0.15231501718485937,0.681506192849803,0.1930625535490571,0.594334372741951,0.7154027813156305,0.003033580785630357,0.07886264983473276,0.3782764278025803,0.42812305566753717,0.04984662786495671,0.6299927521214866,0.5080885479582192,0.6800579440273206,0.734101472083866,0.26514469131035406,0.37130772824567004,0.23007477490682787,0.362976261334292,0.12655918083271187,0.9961976912140543,0.5814690795335661,0.3375098525315089
1.6,0.5751785221756593,0.31404713232052484,0.5751785221756593,0.999381074051293,0.3029467747522374,0.8603627297496613,0.6623339323273709,33935532808.3639,0.9974613778840485,0.2522735860538602,0.609480355628973,0.7672609761812601,0.9634057831403476,0.9667899775384003,0.9187388927837151,0.8579998163906589,0.3251097082781256,0.29430381589043364,0.6079932785577825,0.4615327644723559,0.9887993206659325,0.23204391088136336,0.11273002311220437,0.5787857937487714,0.4112695594832077,0.1480554401101838,0.693533962560939,0.7136294122496634,0.11110816930428122,0.8492609460361198,0.9355831887366548,0.8953732774002082,0.14621607848781737,0.8273044349233796,0.06592688938875117,0.3547006276753732,0.943703151597133,0.9925491442803249,0.919328228626198,0.8046149427784611,0.12862047630957021,0.6623339323273709,0.3115897336140412,0.999381074051293,0.7604586945273086,0.05041298016839015,0.9046531796614963,0.12572376438183008,0.7076707538659162,0.8647187523789679,0.07113416792387532,0.08300624916710149,0.42131920153893515,0.6119224424751227,0.19060324093618794,0.7058479380779153,0.48944991897073886,0.6623339323273709,0.5815672002831991,0.8627256431086637,0.7053966588603523,0.060134183904147355,0.6801335326332404,0.7540271734622337,0.9936665162192115,0.47800622697260037,0.32182840536989443
1.7,0.6170887525743443,0.30535919496894975,0.6170887525743443,0.9998164840353658,0.37378094968001463,0.9241578476048078,0.6632442967072796,36408236401.886314,0.9953889853559373,0.20871147858447392,0.6632442967072796,0.6487237508917724,0.9582258996457333,0.996107084926671,0.9269719179877723,0.7694604635508708,0.3619599075961555,0.3277798502737567,0.6703309622034317,0.467206143520113,0.9912823804206105,0.46448038350298626,0.1767092235450155,0.469801686558055,0.45032264080566353,0.19777790866495018,0.6960982830958578,0.7192680117887859,0.10445320725597998,0.8416177982098927,0.9522358502107009,0.9497609782165334,0.1464980068176193,0.8396000295793372,0.06309355051836778,0.3856019917638737,0.957490646580979,0.9904825103556933,0.9213437772218434,0.8372062016150947,0.2097401594621941,0.6085307234238954,0.5055579627780716,0.9998164840353658,0.9899774361575846,0.1417911006446877,0.9269719179877723,0.173593290103058,0.7762562216388679,0.8123136453503114,0.13023364647947996,0.21517124185324651,0.3346696618553998,0.8367846319419299,0.5009457175428698,0.7671280391476278,0.43269611858007645,0.6401169239592053,0.5180484943274417,0.8721838184305707,0.9456113985929433,0.1351596096167896,0.9133634471821517,0.9701712325838157,0.9976944337110775,0.4830708775119655,0.4214023590161045
1.8,0.5502524373932379,0.3137395746619691,0.5502524373932379,0.9987121840843806,0.27568966285669033,0.8551798612300872,0.4973647913552387,32464893806.20104,0.9971134517442031,0.2622589965431663,0.4973647913552387,0.6914613860542451,0.8743576757014664,0.9970112264079544,0.9161150607829328,0.7319133040690244,0.442443906203853,0.28912032917021435,0.5225264151173767,0.4806651733825998,0.9234843384319976,0.2587920628440934,0.0660312745044213,0.61548058085015,0.31797662575969343,0.2175247758175243,0.33805692073035715,0.3684722712888444,0.22363062567620837,0.8689667935840455,0.9803983282440246,0.8456460208299824,0.22087930051990126,0.8025666159418073,0.061009378790008874,0.37929719789126315,0.9721403061952059,0.9978464338008609,0.8579537226058438,0.8496263831011875,0.1344060181546312,0.44654890950317166,0.44774836096958665,0.9966358435143159,0.9987121840843806,0.0769220755635004,0.9111800702690356,0.08622231861153165,0.567486500831988,0.7154388834962959,0.055717629216527176,0.1750781565118334,0.13852377097017407,0.5894295617766644,0.3810252347690191,0.5635917998138436,0.1942414001867013,0.47705359889817633,0.4535718026827817,0.9232983081825772,0.8524059998543304,0.12766986347425052,0.7875660868881635,0.8306740285019248,0.9963764332814862,0.35896585815100746,0.3102714341034436
1.9,0.537930273059933,0.30351018800565654,0.537930273059933,0.9985430909593631,0.2702396105171905,0.8055029346325888,0.5526863592962795,31737886110.536053,0.9916507862352374,0.2054662182511164,0.5460009653318647,0.6632142422428502,0.9401464250795869,0.9666763951972092,0.8615797990823094,0.6121602362910844,0.38187468381077344,0.34871185032467705,0.4242583115399799,0.6202244953255357,0.9860618885182321,0.23320212267762472,0.07584589211954762,0.6829254926445081,0.3057616356883625,0.15299534485441427,0.43854794130062247,0.4778273107577669,0.15445327390873712,0.7742129644907233,0.8984567686064191,0.9276818811185875,0.2690729960792557,0.6250726848670948,0.06630341398569682,0.27140622495512523,0.8583726760619612,0.9985430909593631,0.780160457096311,0.638080944533018,0.08880268172288919,0.5083563523422469,0.5526863592962795,0.991090142745832,0.9893000611509034,0.048714924986603785,0.89764071780711,0.08168352199700418,0.6078275829781441,0.5903200766979978,0.048714924986603785,0.25547354981362375,0.18810669946478334,0.5911455490118118,0.3420488996155753,0.603895811846486,0.1974194589567805,0.485614900963453,0.5272479848770263,0.7732334780687532,0.894489164996807,0.11019614904041361,0.8308454121688665,0.7113563142526166,0.9921182778505742,0.3595817709526064,0.293025928008656
2.0,0.5969285255158135,0.3090418185535395,0.5969285255158135,0.9955535169280987,0.32393185985290796,0.8756626892422166,0.6408943179626245,35218783005.43298,0.9955535169280987,0.32764850590192185,0.5742320930395751,0.8464223440903748,0.9855110948962639,0.9723672773475495,0.8403591362009536,0.6035816475788411,0.3208592512222652,0.46268574638723103,0.6054804330244049,0.6926103241253769,0.9919691100786073,0.315310575632594,0.1296898463620583,0.6621419813616778,0.39731992439417607,0.1646858891507549,0.6408943179626245,0.6408943179626245,0.09123914313185245,0.7014683812248413,0.87714952274711,0.9710842275908815,0.12959115217707606,0.9141257787053655,0.0867651095437143,0.2582534325620952,0.9892210777623275,0.9953914024351891,0.8004790869449027,0.723344277921703,0.12032782328500012,0.7089902353217401,0.5905793915254607,0.9917894703934841,0.9308148629200633,0.13870303383721932,0.7573692623705347,0.0867651095437143,0.705531142968905,0.5170373695843409,0.08372659806400655,0.18212386382026602,0.3127728696941775,0.8741758557373233,0.589229566512065,0.753331322147971,0.43229455018050345,0.7481181075764755,0.5621084176365658,0.8319337002105228,0.894045407133025,0.07263270329155956,0.9901627075486062,0.9280437830128785,0.994771528725121,0.3860699275128688,0.32700446848355064
2.1,0.5639806644642358,0.2972582230764005,0.5639806644642358,0.9986726311309824,0.29770169536866947,0.857732948340486,0.5567466661707273,33274859203.38992,0.996492164297416,0.24106531537356093,0.48398375524831116,0.8740995305456497,0.9250681516198495,0.9635064239729452,0.6671193169409586,0.4764311139938552,0.5455975312223322,0.5270497334281256,0.5911038873270453,0.4506415661322535,0.5085867158615704,0.22313583951298352,0.036607845317937586,0.7790316609417697,0.31142744280344703,0.2184726687167703,0.537104867507886,0.537104867507886,0.07387666876629616,0.5935691865188548,0.7557812500962519,0.8748164815925144,0.2251509386489082,0.8489090713785967,0.07829733982476612,0.2925766370658496,0.9413982625733704,0.9986726311309824,0.9695331820374474,0.7230046156639393,0.14860440970496028,0.5310951745183653,0.5804508737451107,0.994673638863046,0.9565714634841161,0.17867880885269793,0.5928395191264504,0.13171501935254987,0.6273607378441313,0.30282675367148937,0.07036212742988589,0.1496281423057052,0.2800800339899672,0.8519234343128724,0.527048861388304,0.7116059991851165,0.43148980771144746,0.576884202415983,0.6307550344731243,0.9226675623144478,0.8688642066266874,0.07387666876629616,0.980577753968281,0.8635424623680995,0.9955714610357511,0.5567466661707273,0.4692017161939653
2.2,0.5613243156400559,0.30854276734432934,0.5613243156400559,0.9968463983940642,0.31077248895036846,0.8364006157885097,0.557428116824361,33118134622.763283,0.9942914582843998,0.26587151365243394,0.4414672191307977,0.9835912720169784,0.9424794643494989,0.9547522456918704,0.8309239017387408,0.3270019558146795,0.3364160537410472,0.3253545005066424,0.520044568640036,0.557428116824361,0.5480494452701357,0.1988972390429401,0.03697158539939299,0.7454291613740986,0.32485702782571396,0.1684261631971988,0.6536341809907016,0.5632797664808039,0.11069335876781448,0.6133621683340298,0.7917607145911014,0.8720500003626293,0.20096032044761758,0.6861031395599431,0.12462903628852595,0.2865546899320731,0.8332913411311967,0.9937206849150487,0.9960328801300803,0.6989820726728951,0.11205777809127133,0.5192070231080826,0.6127297566234005,0.993649303230421,0.9349773464764366,0.02245396798257285,0.7941737137697126,0.1628551995131514,0.726168380147069,0.29668795007502297,0.047226996500413065,0.08858699288675588,0.34648953320382625,0.8395098904458226,0.45746036307413407,0.7035380939128909,0.42703551611385365,0.5350157475054443,0.5748792179648982,0.9661571848987853,0.9297713261289884,0.16429758530868363,0.9278289755792727,0.9374058100521645,0.9968463983940642,0.5320753795119912,0.54174194515873
2.3,0.5776572812779823,0.3110091110106896,0.5776572812779823,0.9973245668289106,0.2823979657670177,0.8921643252334277,0.6396884849771026,34081779595.400967,0.9973245668289106,0.30983069621566156,0.5031882625140759,0.9670177433431676,0.9439572767352802,0.9614753420136669,0.945502024687303,0.2487167164830418,0.2908275559321462,0.45751898308342254,0.6651664144089873,0.6272592231353139,0.4671977880792604,0.31141962522834005,0.17450925055202893,0.7240182527503023,0.2601035992979991,0.25830897735343133,0.48741881341837234,0.4529947955451485,0.13342631466463914,0.6829751125261317,0.8630633802095691,0.8922651480131942,0.1175666236779447,0.7637108027172494,0.1665565196360638,0.28887231189744333,0.8053841475710759,0.9870232383466842,0.9791338607348834,0.7776971649704699,0.0777199833084435,0.5007134523420517,0.6396884849771026,0.9940697010572381,0.9749792717745389,0.06173242753030479,0.9049590392412917,0.33178506497363036,0.7144968174248837,0.2487167164830418,0.06884803574644745,0.07496700331923478,0.25786193185940437,0.6712397072143593,0.5166498289746262,0.7916784584775022,0.2759236196365921,0.5704524968836413,0.6674934606250603,0.9740522347965188,0.9670305057728947,0.11550998876524574,0.8920635024536611,0.9423063949864631,0.9947976706239955,0.6666384439400843,0.6739748196414976
2.4,0.5677158009193696,0.2993381195117964,0.5677158009193696,0.9978567002662344,0.2791904618438562,0.8432539818176887,0.5958528308273979,33495232254.242825,0.9893325621073624,0.2823989800490259,0.3787298027543337,0.9051375187510049,0.9304534968944914,0.9626339587283681,0.5753070438754909,0.17829399682173394,0.46813855980369484,0.3932268339780234,0.5958528308273979,0.4881475178685611,0.27598194363868656,0.3263672260773422,0.22997857892891954,0.6388048958972087,0.33711184670704114,0.16391443155940497,0.6314474494234253,0.5801240398705106,0.19643924276492167,0.6696813552712767,0.9413295572520313,0.8523725124261011,0.1239425957050967,0.7879037245090509,0.1087392789106734,0.22477342161624841,0.9128525686197919,0.9958053123967153,0.9978567002662344,0.7305189452975511,0.08088961009939531,0.8216780553947426,0.6942713116254963,0.9954083798684887,0.9026200816834676,0.21627265825820413,0.5254933388849424,0.2604209535910066,0.595332214011834,0.22144681171720948,0.11953332389052322,0.0753957626668888,0.33817350875610575,0.8341354512092765,0.663015736711826,0.7264310096705601,0.3040210467348789,0.8218457371450725,0.6037757277965072,0.9219892816103556,0.9820095704948069,0.15899370968522356,0.873141422923169,0.7054370622355183,0.9969868433391509,0.6037757277965072,0.579139186843932
2.5,0.593614931405814,0.2832980466977096,0.593614931405814,1.000000000000001,0.3317452067158704,0.8255098465861703,0.6392618802495283,35023280952.94302,0.9949740586251011,0.31996244186248396,0.4356068283887406,0.9953542140290557,0.9402100049135511,0.7699010952434064,0.5762097309665968,0.417937458342178,0.8168113231351319,0.8593650492127121,0.8288112928890392,0.6924515258540324,0.5085652355492769,0.5013885141280757,0.3418945811215036,0.6934383429033383,0.5660350547732778,0.2606660279451771,0.5279535185395895,0.5334142662308637,0.09611309797715446,0.8308826799794564,0.974429106667998,0.8208245923281768,0.3215958323102371,0.6574440250106655,0.14914547539722106,0.2663930567012703,0.9794960187703218,1.000000000000001,0.9702183167585281,0.655543831577884,0.12326869879891392,0.6145004729540722,0.6466841405040876,0.9922809945078207,0.9340903578097837,0.24019052569224916,0.46609423788246923,0.12261940175141124,0.5878635617933609,0.18114731546590504,0.09290935870208146,0.07421068025706389,0.25595900029345886,0.6901036766331095,0.6328256638903171,0.6623332018924297,0.3058343332972481,0.6408660965924455,0.6132334143728093,0.7638427408554883,0.91788161219082,0.14608851315576188,0.8266674356213051,0.8243522575510356,0.9981656433088827,0.6392618802495283,0.7269691387871213
2.6,0.5684560460193624,0.29181912407740285,0.5684560460193624,1.0000000000000058,0.3008924136478317,0.8547108335889317,0.5482122395244967,33538906715.142372,0.9987769519599041,0.28766472878871846,0.5355965835071331,0.9987769519599038,0.9484813893319389,0.6099729439723298,0.5266340399782188,0.36151010776551085,0.9985524482681447,0.7752665361560946,0.6962248977336067,0.448153744121997,0.26293328668146565,0.314120098506945,0.23091723140785567,0.4382721420214089,0.4040438998918709,0.23603782234278906,0.6531934979303942,0.5482122395244967,0.06798290460759636,0.8291538454451736,0.8926221456521564,0.9756267210161176,0.36133541074692505,0.734551799356268,0.12370363166416425,0.27560604854887805,0.930871683355,0.9986046414971006,0.9874440150390789,0.5809531822340916,0.21700947847270777,0.5331161035689755,0.5292872371973334,0.998776951959904,0.9388991263436677,0.23320271430565692,0.46166190447766364,0.08410385297236374,0.46581984304083707,0.18537044479551576,0.14972016172355754,0.08785862352508716,0.26060153596896285,0.6498994606373031,0.5837415318771603,0.526661560914204,0.31659645037190454,0.6010990081765717,0.5994631954835725,0.8657558756473943,0.9352375443351655,0.24546167202170438,0.8916449630456739,0.8436657915304691,1.0000000000000058,0.5863792498344209,0.716074861901312
2.7,0.571909168137008,0.2795802671435145,0.571909168137008,0.9997874460114138,0.39161958779378536,0.8664400698135665,0.5229691785825741,33742640920.08347,0.996996900862898,0.2049718800794231,0.602449305753537,0.9994096242119151,0.9774360861719529,0.6886039560450359,0.5174440857179567,0.3972531288207833,0.9704126923484775,0.9271207665784417,0.8651182490979495,0.6209775029759423,0.39181960323866105,0.5485572088843567,0.46540448379598176,0.479557203451064,0.44898139635005624,0.35034882994567984,0.5272851297410762,0.3914195723489096,0.09798039013315868,0.7377245114622627,0.7665081546026606,0.9730255594309253,0.5097429949265125,0.4904329180642256,0.2593090771460232,0.23312335918757693,0.9729931388806602,0.9997874460114138,0.9887110898480647,0.4542738134859094,0.24436616949909995,0.5088030421238608,0.5090628677532464,0.9934305211734965,0.9948485978896652,0.1672362407578562,0.463639495230284,0.18304071437766645,0.5513023678122866,0.17139270829808828,0.14147090089466904,0.10575530909120573,0.3142828969587255,0.5286964807730838,0.43425914035672514,0.5241757701858138,0.26542520416205717,0.49860502328436723,0.5559101429350377,0.89053639423376,0.9104076509429557,0.24306118751565683,0.8677618905291834,0.5229691785825741,0.9996245681457752,0.5745417254378595,0.7228546715389782
2.8,0.5527174001516372,0.2823248524354441,0.5527174001516372,0.9991663133565636,0.33674725392944627,0.7767013874986776,0.5195661208334008,32610326608.946583,0.9954012041743078,0.273205727679816,0.47941061316115224,0.9643474843706064,0.9821757977694288,0.7391313207798949,0.6549015915552617,0.34077159945625485,0.9991663133565636,0.798946519946844,0.6511687555721475,0.3804633721775377,0.1858788501256809,0.3500187181710841,0.32431483539442235,0.5104411468324075,0.44692111642125115,0.33272290840263763,0.48023469004065017,0.3742394211310527,0.11208695011710523,0.7343384860925193,0.7728933732019078,0.995356372860023,0.5930281331345842,0.5528678806364221,0.13343449565385107,0.1876131472239934,0.9864323248813907,0.9975273740077581,0.9714202440619571,0.45186865378581315,0.28569556414824,0.5781501604644051,0.49818775472777543,0.9881255339740049,0.9915131967181374,0.3831220294968465,0.6168279153065829,0.13079231249597298,0.5195661208334008,0.17030833292910777,0.10351507643668528,0.2236203432317082,0.1697715085258774,0.4830059541121333,0.4060459108602774,0.5569195994551664,0.254807234006697,0.5248677967659265,0.5730193249954197,0.7805094017954474,0.8824232165334503,0.20563989757005086,0.8746238724435927,0.44105886084761114,0.9989412562100692,0.5405814248377702,0.6759575870479057
2.9,0.5519915415420956,0.29037853090219934,0.5519915415420956,0.9991382804067062,0.2945758970567558,0.8025275728818408,0.5381357275465262,32567500950.98363,0.9969847182418838,0.22250809614318268,0.5541185944107786,0.9991382804067062,0.9088115495974975,0.6598326748072147,0.5174725441883812,0.35290352594308927,0.994413415538087,0.8220066275325935,0.820966622974173,0.5105588407705102,0.23741960182188646,0.3000573332341252,0.28374688958063243,0.4350808212057726,0.32796453633902334,0.31108707373634786,0.43871354034121357,0.35796735946190367,0.07353211012544643,0.7679027854119691,0.793434553424824,0.9892262296940559,0.44441372278910235,0.7810192502903422,0.18463743862721074,0.19927465401739766,0.967347963753296,0.9905279302374841,0.9886402567116916,0.6106452332205999,0.14244977005869947,0.5537321556657798,0.28909446087938645,0.9960391049428015,0.9462423955422528,0.4140829839548098,0.5083967123114106,0.11289966420835736,0.5907103080570947,0.21240724076537307,0.16021017983900254,0.15150416697985195,0.2651921428975544,0.4547303893056383,0.3961109817278896,0.6629999057619409,0.19723680498582094,0.5383763746490605,0.5746693254067746,0.8116205923388575,0.9574502969155607,0.1753672121406003,0.7193642529684721,0.5381357275465262,0.998571365492597,0.6095988145037728,0.747952846559336
3.0,0.5875130795996825,0.29585223925622406,0.5875130795996825,0.9970563706201039,0.3538314567840437,0.8170910090854755,0.6272933887770075,34663271696.381256,0.9970563706201039,0.3100938329316262,0.6272933887770075,0.9953483268810958,0.9852791626595296,0.9646598199976074,0.7991179390864783,0.36599808367572045,0.9962810680642351,0.9212557355607104,0.6919314579939659,0.6385466652897699,0.5242453294253767,0.3416648298923669,0.3831178816033517,0.6521580496255485,0.38941685720037506,0.37488107844749985,0.3967652541642758,0.3339512302281886,0.09856675436149365,0.7689693387831137,0.8350640790844726,0.9028520516441271,0.47541832333171397,0.7520424992908733,0.22909589467437583,0.22167969162551807,0.9816952680909893,0.9948971367011008,0.9723857520554909,0.6301944337536599,0.1012005133724891,0.3942318651693086,0.24765860494011838,0.9937877588484249,0.9948091216269547,0.47067265607439457,0.7806381321626232,0.09029703528081098,0.6007337871337717,0.22466641047462482,0.092737078538977,0.15697894908834487,0.2429240986613673,0.5678444441139223,0.5066416516499062,0.7579997421253413,0.17670513415306505,0.42200674821948303,0.7325743077231873,0.979905189713592,0.7859259508099727,0.15642919976469938,0.7451946908006951,0.47948282628868105,0.9963965765900141,0.6956296821577593,0.7172759553769725
3.1,0.5982604524472737,0.281660595676223,0.5982604524472737,0.9985899376065003,0.3991101719411351,0.8081162893286746,0.6206331141142039,35297366694.38915,0.9980715013001062,0.31714848748333535,0.73121430614494,0.9953570611909998,0.9946492669637815,0.9591621029838832,0.765522445538697,0.437278540680819,0.9966382933835214,0.8422576106170307,0.6468562331433649,0.7236339412797903,0.5430918752492022,0.2757586685343152,0.31305899328010967,0.5589039197802815,0.6001034864624063,0.41387640171590795,0.5857561638601958,0.5401838003931374,0.09666315398086488,0.6964333692784103,0.7687487362448994,0.86936777115485,0.42905939174422736,0.45415942375899054,0.19179433532528736,0.38434394216636225,0.9814905412773834,0.9913150882793692,0.9036169870109146,0.4139909783719366,0.11960488729200174,0.4394826431628594,0.29199233527058865,0.9976911607751796,0.9985899376065003,0.5340877092830446,0.7920068328613443,0.2163478127240191,0.6206331141142039,0.28616963093634573,0.06132473066044123,0.08375506523413648,0.2307463560923994,0.7761531791467365,0.6239964547150006,0.668690151092432,0.28284222029237366,0.5066805144520256,0.7410480996913141,0.9728212861088418,0.8242257457960048,0.16864211289742387,0.7294623341328216,0.47447253695125885,0.9958184864536062,0.6685543947492825,0.7720201433176409
3.2,0.6026682677203894,0.29943432855788554,0.6026682677203894,0.9999870907082615,0.36272091599131395,0.9080957774143095,0.5926108111064544,35557427795.50298,0.9990771952532269,0.29571904027635926,0.8267881652030135,0.9974601172197379,0.9990749829335346,0.852741384611707,0.9465238716234613,0.462903367406988,0.9100669520821507,0.9984984763838494,0.6735535552100891,0.4321143677670198,0.2960832606937537,0.3155302628827196,0.35282602315177614,0.6380454414076346,0.6211936320072505,0.37261580883085177,0.5648573042411779,0.5031498492954879,0.08080501046364708,0.5886500624753204,0.637632223525832,0.7345223383184143,0.4517062161331115,0.4303810146017401,0.0976002437395221,0.30787567358196394,0.9947529570661289,0.9923186099717419,0.862834629965683,0.4342750334158111,0.14271122195858524,0.38839937562056454,0.39308830671124645,0.99984798756338,0.9914536874522303,0.7565457584913604,0.909901456318572,0.1985610274089275,0.5044767998145584,0.3102079495700209,0.03113053310298908,0.09246637007476156,0.2153943010274037,0.9435299505395662,0.906290098510047,0.5926108111064544,0.2703263664051335,0.4471522362458392,0.7525326156196213,0.9999870907082615,0.83076972718556,0.19107218037527715,0.8263541220229564,0.5303347524381908,0.9990749829335347,0.749954041115968,0.9110769734412612
3.3,0.644372066977026,0.2895490715983146,0.644372066977026,0.999987245672394,0.44469514663665616,0.9585697017534898,0.6334868377471343,38017951951.64453,0.9961638644587508,0.2798141353503325,0.6006401683772286,0.9679136029544076,0.9970275268840844,0.9691287188873613,0.9151638809443036,0.6618123166000014,0.9817888653351696,0.9688219410272266,0.6710362914163381,0.44029906032206334,0.4496208333943188,0.9748484747173479,0.9807577814769213,0.4455126241076938,0.44258838403565287,0.5204783951504215,0.6282288110633985,0.4690980287268715,0.12898566935504036,0.601402327916921,0.6334868377471343,0.8872242898207505,0.5052199437537758,0.503675045107213,0.14184290946826766,0.3574061028591233,0.9847453003997546,0.9993352571504882,0.9985812564877181,0.4850036688780275,0.13371114575037688,0.4438776691656185,0.3325413825918189,0.9990551019386013,0.970613007417437,0.7561369145982669,0.9492258005525719,0.323492843238455,0.6167163923955102,0.5101824115573431,0.028643269490518704,0.09656924504617174,0.21291515338294742,0.8743852930381565,0.8944112812910142,0.6618417975774573,0.3266002687174621,0.4925264576523197,0.819687574201338,0.999987245672394,0.824994456714276,0.2570359179431955,0.8529093942775613,0.48136253950182056,0.9970275268840837,0.8013531933425135,0.7724963535311976
3.4,0.6251464235932943,0.28591285355170676,0.6251464235932943,1.0000000000000033,0.4089472080528497,0.9374116359758886,0.57992050649655,36883638992.00436,0.9954492404174045,0.39369340509127515,0.5588625060396631,1.0000000000000033,0.9964574629423081,0.9522201147863537,0.9288760776464525,0.46721593426772046,0.9896489349416551,0.9759427236933328,0.7039319234333256,0.5774481659983578,0.49234556701871335,0.9459471943053248,0.9885137778375774,0.57992050649655,0.48125877495204394,0.4524900480230695,0.5155832251639682,0.4010066267514424,0.187451774288188,0.6021413260390451,0.7290230729307283,0.7943628819148238,0.4066525411580351,0.3877542869712056,0.1265863900878594,0.3267266051953002,0.9700187805958208,0.99083606164912,0.9250892299835598,0.5033548717866485,0.1561890089012536,0.5083744664862611,0.4112418749476643,0.9969836810927799,0.9951458161300681,0.502508626730663,0.9935062036370065,0.25079681489281014,0.5848535507472465,0.2577899818142717,0.028648020022141243,0.15233009326380767,0.24844624934802592,0.6574010204724052,0.5661212274621223,0.673712011044098,0.27253694143561225,0.5478199625712847,0.7195518902010883,0.9995168388098262,0.8992969488171597,0.2282258307049777,0.8013789031661717,0.513648955973604,0.998034574899083,0.7307025722534191,0.842066893772638
3.5,0.6400440454073415,0.27946124706458847,0.6400440454073415,1.0000000000000007,0.3778833540059215,0.8836029184198675,0.6708264486308357,37762598679.03314,0.9980572627645198,0.34713042795459603,0.7543510745963214,0.997339603365084,0.9979958578606388,0.9046772708960781,0.8771914533497026,0.43896538000421725,0.8900143834900323,1.0000000000000007,0.7857235754625124,0.8234701013060858,0.7077195027902372,0.9640290189684105,0.9871552551107821,0.5922280003796156,0.5147265186081054,0.4430912320028891,0.5708418566125959,0.46680672144497626,0.18000061236714035,0.5681095897013918,0.7095932566096584,0.8254883103753077,0.38261355684391113,0.37315315116793185,0.22607253754252538,0.3702573213824351,0.8696885968864019,0.9967264961531034,0.839767440659266,0.5592161880771374,0.15258078083000698,0.44261141597128867,0.3470785806322518,0.9990703498610924,0.9939975737787361,0.6648932894917955,0.993318024463023,0.3197850652243989,0.707936220287884,0.3639367311439116,0.03388314603569008,0.21131969129225395,0.1964136989881505,0.6332849710470255,0.5785242473677581,0.7680255938411257,0.24619792503493224,0.531124042718575,0.7817887712124728,0.9925960556268619,0.8657464196660182,0.2371115038088023,0.6708264486308357,0.3608935211317158,0.9987313798152018,0.7914171989892281,0.917304477408498
3.6,0.6431419660447273,0.2829344816829869,0.6431419660447273,1.0000000000000024,0.4291814237388387,0.9129289325212395,0.6621588835164349,37945375996.63891,0.9965593560660662,0.3045467654005592,0.7347359817755892,0.9985082012064322,0.9906105219620147,0.8549983460842099,0.8105427778495038,0.434939679841242,0.915644972121281,0.996646556537254,0.8092267975867489,0.6992523754390287,0.5430332795013896,0.9092414211510494,0.9752810718877326,0.510716810410436,0.4988975699547544,0.3939292235003551,0.6626621487461577,0.43801546288158705,0.1930687803788051,0.7496691889121964,0.8590817483034706,0.9234118019671215,0.3959579595175311,0.5591814793213967,0.2911361065042292,0.5123070180326861,0.9732356387158961,0.9941209410528573,0.9102128929211981,0.4876248697713295,0.1484461432180576,0.4234231676364355,0.3443720929856814,0.9981282329131739,1.0000000000000024,0.48803176777164253,0.9971574900082056,0.2618275540412479,0.6621588835164349,0.24458200081261108,0.062059896804545184,0.11191544115891641,0.16836228779129342,0.5886968369671973,0.5482339402384767,0.6621588835164349,0.31314249041931497,0.46568931530589236,0.8646718974325573,1.0000000000000007,0.8042870964861275,0.3989930595929397,0.7657657623379392,0.4738533496398346,0.9987205973476243,0.8496113809599369,0.9740886824342718
3.7,0.6606593123375089,0.274546400845551,0.6606593123375089,0.9994720131275484,0.424192330874275,0.9395776476285154,0.6896538421748428,38978899427.91304,0.9962530023686949,0.2888639840286149,0.6734579459274211,0.9994720131275484,0.9981703170050333,0.8353789066106798,0.870404448185602,0.4423982240364851,0.9445247764777007,0.9979674541888014,0.7581350168505261,0.6209719838998913,0.5616802090262599,0.9394873997823557,0.9956795008262909,0.6838380860811528,0.458005526095871,0.3741226805808968,0.8132354806854889,0.4448776012521022,0.21334648130215358,0.8020887329224232,0.9396678954746749,0.9658051852961697,0.36914504145066207,0.7219582029757381,0.3393313314518775,0.3868992488451896,0.9840562702016652,0.9974630274971993,0.8782549493880593,0.48378166098594716,0.24357447952353198,0.4059864377120649,0.4704667136443098,0.9960167254566814,0.9988875488317922,0.593369599706757,0.9944450508064608,0.2317046411330165,0.7634253551474145,0.22168025994391197,0.1499438794924332,0.10004902107468074,0.24886285500380012,0.6307143890169231,0.6886358335627453,0.7574377423209773,0.39005346358071824,0.4601558516057421,0.8167471951174551,0.9957717537148574,0.7841803927746382,0.5179118880974851,0.6896538421748428,0.39517290499882163,0.9981703170050326,0.7854326094886531,0.8717260921481029
3.8,0.6758923799973716,0.2873947939852148,0.6758923799973716,0.9998025424816145,0.446189017115891,0.9358110442430672,0.7767633888004035,39877650419.844925,0.9969937952662814,0.3554081160751182,0.7682860587422206,0.9964656653003533,0.9975393109094814,0.8649084437413552,0.8697173867404508,0.4543102123950452,0.9977573735482554,0.8790151782735568,0.816553347523689,0.7269788801285532,0.5493396448087327,0.9414993300201285,0.998823032163407,0.6366867311689187,0.5170331175068882,0.4391202633599683,0.7624722454594178,0.43558965847990283,0.24430451388496255,0.7945421656478688,0.9728989554473781,0.9809566315479977,0.4392965215439491,0.7767633888004035,0.24790505005107652,0.3370589755104495,0.9947355650651898,0.9991025234613237,0.9301227584660058,0.3485218622787188,0.15495311640295353,0.5703329572518914,0.4530815126878329,0.995385997564129,0.9918962680136589,0.677692130788334,0.9950662447720839,0.32079699286989694,0.8024670743930155,0.3546132203572536,0.09988200406423027,0.07627793004440965,0.06439142715342226,0.6449148701333836,0.7893397222446614,0.8388228412725227,0.18536857086941,0.6234493187579782,0.7851922708277158,0.9998025424816145,0.8849206547108378,0.463064751950549,0.870528024642655,0.4540999307817223,0.9975393109094794,0.7918612038668325,0.9212028267154116
3.9,0.6674607469094204,0.29585935274743863,0.6674607469094204,0.999653278347134,0.44645697912408894,0.9501473592683739,0.7284444672739586,39380184067.65579,0.9972895109548786,0.25382506977030733,0.714029945700158,0.9963855255307686,0.998586065198112,0.878873355773001,0.8547880033572232,0.49923461205682584,0.9741105980173972,0.9522125717577575,0.6931862215879804,0.5299357018814982,0.4377242412725351,0.9480821467789903,0.9714251092837919,0.49383035099405376,0.5213059711418607,0.38953857768963945,0.7430076171017438,0.379486684045083,0.2950862697954307,0.7667715741756651,0.8998716696562454,0.9890168081201013,0.45518971697564276,0.8353839305463553,0.25405525422160763,0.36487433668604746,0.999653278347134,0.9939948127960122,0.9228656486555524,0.3659264407834424,0.12745560034712528,0.5599178419105623,0.4953012685839764,0.9648691829294299,0.9980101896336889,0.6313052268565004,0.9979119428637141,0.2413696714572265,0.9329688791845815,0.25417173848857016,0.07561463161631563,0.08652326835212748,0.08099812327724275,0.7284444672739586,0.8823684794486535,0.9647524216658006,0.15451924243187956,0.6661009227759216,0.8005552669002131,0.9953661366659456,0.8752581731895167,0.528936449455407,0.8883036636251321,0.5286646040118776,0.9985359066393704,0.6767683642547301,0.8756447831634945
4.0,0.6752551244902838,0.29855602296690636,0.6752551244902838,0.9992508036331366,0.4209492109150783,0.953084251067434,0.8192945892976864,39840052344.92676,0.9962644830261053,0.2532667188892918,0.8908972193030734,0.9917568011912871,0.9975402787851968,0.9666780885092229,0.8538907209869551,0.5066455771236623,0.8923196063145472,0.9943040940468074,0.8104045157205482,0.9292632681815735,0.868046010284729,0.9798131423348959,0.9455348553251101,0.5691831863367282,0.5919186127677727,0.3397310537668866,0.5049239643185711,0.28695523995677835,0.2107166259401507,0.6798936958906509,0.8192945892976864,0.9896814220273007,0.4666100917402143,0.8760193919314514,0.29707649407718056,0.4273636985172524,0.9907582097175431,0.9924615201522842,0.9292899608384791,0.3788904724424027,0.16008896320859675,0.3966022896468675,0.39909387161308274,0.9697063630577442,0.9988603883410734,0.4527553647796353,0.9992508036331366,0.21572589285967414,0.9559439263698082,0.26350154804854103,0.05955039083563595,0.10757870496788689,0.41453472331290414,0.6573143448675677,0.9126543218670796,0.8642130919258836,0.15924794998355005,0.447410462471913,0.824122226756337,0.9716674028488621,0.7736137808624431,0.4389191189288827,0.8750166000694001,0.4991316732224445,0.9977477732340403,0.848182181706368,0.9502245757650599
4.1,0.6696487651068329,0.2939068765094783,0.6696487651068329,0.9999999999999987,0.4077560112287203,0.9375074545409773,0.7566377775705493,39509277141.30313,0.9930098270815096,0.2217935679783027,0.9346114755339602,0.9999999999999967,0.9965097013271955,0.9875163635265024,0.9084309825154067,0.6025094503574439,0.9931857319014875,0.934472095625008,0.8138523203601643,0.7573224459018281,0.7398375577367295,0.9533593454438375,0.9994661056075819,0.502824981089087,0.7089568787768498,0.3823932635362564,0.5707581726471249,0.32975414931557456,0.25699342755220556,0.6958280453049703,0.8186343007229531,0.9990790048941767,0.4179792460367341,0.8061089502944508,0.17972612975559218,0.3200339416122777,0.9989653840102447,0.9999999999999987,0.9795788454350293,0.37797849805972944,0.1035092697818291,0.48192299494044066,0.4669196181069763,0.9014886466464644,0.9404034335479944,0.5539492753373922,0.9920246822522483,0.20141174937999629,0.9961473252605518,0.3924801495744595,0.09865919817138018,0.09233333196267912,0.3095495655024616,0.5883468618270794,0.9306369634829232,0.7948828447193281,0.1430652010616601,0.5454059181410513,0.7102833441977588,0.8781390789068456,0.8189004656966082,0.3975327764207065,0.8258997451997169,0.5258318538277067,0.9965186431107695,0.7566377775705493,0.8849262367353428
4.2,0.6682848869187664,0.2872768597070229,0.6682848869187664,0.9999999999999836,0.4011435458363859,0.9588929445586494,0.7258155981100703,39428808328.20722,0.9993077107380037,0.2711251407486274,0.803475143423887,0.9927097572307005,0.9999999999999831,0.9020172344187576,0.8540025184424109,0.6734511076796631,0.9861018449511917,0.9438820171932946,0.8146959212458534,0.5628492685620624,0.5298515259708942,0.9411834946998344,0.9943513808139465,0.4769359107973902,0.5342807664760353,0.4325635272574389,0.5673630849233665,0.38482769354523727,0.25978760805089574,0.7219883432636877,0.9804724409596522,0.9978602315004617,0.3524806428483386,0.7258155981100703,0.17524049482013787,0.2812054220156456,0.9577173073656792,0.9911297705607477,0.9837406614334631,0.3298801239755145,0.15355390048006815,0.4174593981275345,0.5497779468760473,0.8760098328997573,0.9585744945378757,0.6054421506132337,0.9918988160329698,0.24817215259902994,0.9976313945031936,0.5059748596363272,0.2840212808429952,0.0866049530139434,0.22571614155030775,0.6738774163809034,0.9910006298418259,0.8574099276591577,0.31039373163898193,0.49171539957380345,0.7372185608118292,0.9766263151267687,0.8029422666479399,0.3537427647511213,0.8240383657475899,0.38060698236445395,0.9999999999999836,0.7468935573472855,0.9592113945794231
4.3,0.6534170811887822,0.29830689489537343,0.6534170811887822,0.9998046584929202,0.39215636397244436,0.9666528820861494,0.6850763160043432,38551607790.138145,0.9997339210855913,0.23456428920727548,0.7107848813290828,0.9986373742219031,0.9980035585840326,0.9987211763602531,0.9488053539305094,0.4793854606374507,0.9954715814477615,0.941532976558516,0.8040372671836966,0.6761781868297704,0.7277338835767099,0.8660728710417439,0.9942377177844521,0.45331191320605874,0.543978130001836,0.34447254493168794,0.6031123943579987,0.3934465660377512,0.19742260720253993,0.7279083958139115,0.9924026441927196,0.8148615148381293,0.40579693561465746,0.6702480296676289,0.19339599717022996,0.2550157110577226,0.986888591396326,0.9998046584929202,0.9972646726338471,0.3728863325598448,0.23652731990091563,0.3838958304026485,0.430079180875197,0.861810032886759,0.9845004102417895,0.5745473756157118,0.999020852512988,0.1838480807675039,0.9960537071076415,0.39086616190713747,0.07738273672905917,0.091618451721068,0.2335394476803327,0.5808992150584765,0.9251821980787435,0.8251115236685533,0.2093104083588441,0.46677206201165,0.8478261162295351,0.9956943213947475,0.6850763160043432,0.44465946339915313,0.6623051410799013,0.3682326396743113,0.9980035585840328,0.8965748009005828,0.8761522983919587
4.4,0.6685002067845981,0.2983756326589129,0.6685002067845981,0.9998733376751705,0.4289163261078601,0.9631076065402987,0.7313813389858895,39441512200.29129,0.9985883964673514,0.25752980692774874,0.6152444839561414,0.9990376872095235,0.9961871348078087,0.9994101292912434,0.9322369468860978,0.5463700859488329,0.9998733376751705,0.8442799145942165,0.7313813389858895,0.6749471350382192,0.7370842660220931,0.8933156475643105,0.9946683744556464,0.4899375022951404,0.4929716015875978,0.3280606802206521,0.7253102866459481,0.4297076928169438,0.16616569977396206,0.847274083623226,0.9528570092267363,0.9661123916287229,0.4607427015404859,0.9243643812815378,0.24040262095373843,0.22641059305314817,0.9969472553386849,0.9975568169581929,0.9969472553386857,0.3755977217881205,0.16172533687489118,0.48750901980486155,0.4247238997883119,0.9601028214518745,0.9746582407140931,0.5821338050278092,0.9979416971299606,0.19748295839397256,0.9869224342835535,0.42812495939877643,0.029030570722856423,0.09159861279242508,0.3282864779898922,0.5708926781891296,0.9576146250134383,0.8301876852627422,0.19497736236273344,0.5758067053650904,0.7842510240290295,0.9970466035520282,0.7696417831844878,0.4915266451946601,0.6677298652357305,0.38446322363772445,0.996187134807809,0.8401590776700212,0.8932659725115665
4.5,0.6342718476815843,0.302460540623178,0.6342718476815843,0.9987957483073318,0.3525889049958726,0.9379921206999936,0.7103256873566598,37422039013.21348,0.9982237411018802,0.3164400635986772,0.7352961220868377,0.9217177184256835,0.998521991315005,0.9965355323115288,0.9508199598392518,0.4423830451998296,0.9985891064152375,0.7801744526493266,0.7262896268616738,0.6856399072355732,0.7103256873566598,0.8783003073967078,0.9974738881967932,0.5163547110536121,0.43964773263108586,0.2958317399444657,0.46076315877586477,0.1774399832431623,0.21877358116853926,0.7181843706447536,0.9779637325408683,0.9856435521445499,0.34149125985363843,0.784768436298771,0.32803108310083867,0.2539302635303307,0.9898288893963801,0.9987957483073318,0.9961590516707002,0.3861033597592475,0.13186648897042785,0.20250253558104078,0.47247816288995853,0.5619668065545648,0.9251642815607354,0.7817515821682847,0.9964803330651699,0.3032171968297358,0.5783770212135455,0.4113372222655729,0.02442112710684224,0.10524443199367073,0.22128113361864699,0.8203321836948619,0.9935142587847039,0.46850438180205517,0.2549830788286345,0.2884588250719099,0.824146645580605,0.997639015960297,0.8194724032108797,0.46358454842543834,0.7078633295390847,0.3636865501381068,0.9985219913150054,0.8599787462650624,0.8388229267238287
4.6,0.6511241950434122,0.29471289266396355,0.6511241950434122,0.9999754248700283,0.3842130512419467,0.9272093865103024,0.7374505227617462,38416327507.5613,0.9962775387139835,0.3229716258815458,0.6859315476042139,0.87197931769852,0.9981274245816651,0.9993045318390482,0.9637466292513412,0.4829276779089869,0.9983735228936036,0.7374505227617462,0.6672188649577239,0.7240727594337654,0.860340020989078,0.8522403471386307,0.9999754248700283,0.5615278944056775,0.4866616449252452,0.26424165252018883,0.5919214059508437,0.30742870108830894,0.24076932336705278,0.8076473521989499,0.985390912571306,0.969641203166127,0.4178027378744234,0.7902957820629738,0.30238579812454874,0.24151157691203431,0.9833484715787266,0.9997458150706794,0.9987723979886335,0.3785234934259834,0.12274971776436458,0.3207851218685502,0.39692736583895855,0.7279479157162022,0.8906721437692635,0.7083583182682147,0.9942985056224739,0.20221293242248897,0.8094448974057974,0.43017970694966795,0.07621576411581972,0.06082536803107742,0.3143787824670927,0.7674231994656473,0.9987723979886328,0.7520638528664882,0.14285457470093837,0.38990260905791,0.8290189114312295,0.9983563651191524,0.774172371220739,0.5049361537369204,0.8042611103129809,0.3456666973190695,0.9981274245816651,0.7668055723702668,0.800415807394111
4.7,0.6136042459373994,0.29658511189747294,0.6136042459373994,0.9999999999999969,0.3853395028156306,0.8855428781569348,0.6531430592730142,36202650510.30655,0.9978527042118317,0.40101974174726324,0.7528052692044624,0.871387589629799,0.9985910613940979,0.9980664253693778,0.8710818831997317,0.4528974081977927,0.9957124749138337,0.8144202765663742,0.6965598166673124,0.5984728967742109,0.7098120563901194,0.4261585583511422,0.5220702173153027,0.5658565127283042,0.5895180813243706,0.36554035325919926,0.45748901396145514,0.18315539952655327,0.2537614465905934,0.8831957468135834,0.980587193747024,0.9824444004924578,0.4034045836663296,0.7386180348859005,0.34181924185041024,0.20835777316767085,0.9829541935992668,0.9961172541484756,0.9963463788815627,0.4737668094785291,0.10280750238675834,0.18105222735780352,0.32259929794544995,0.610957109160493,0.8885897183763262,0.6962818378270754,0.9999288475177853,0.1763313867320412,0.6753234716220482,0.3923410151470951,0.09747458270352984,0.05100585126046583,0.25207736233987915,0.6531430592730142,0.9999999999999969,0.5247155657492434,0.1360025839578161,0.22704254082756967,0.7976235064743588,0.9985467146367716,0.7422675638229596,0.4598514750051121,0.6962870874895014,0.37833799048416616,0.9976503069382524,0.7466810977164117,0.8878900095002863
4.8,0.6319663959711663,0.2936746482041729,0.6319663959711663,0.9994498185655353,0.38931709264467007,0.8923041820370095,0.7107461243968132,37286017362.29881,0.9994498185655353,0.2259835034714758,0.7383052763316141,0.9151729849071552,0.9989519161294687,0.9927914081001605,0.8815721895635054,0.5020584693563775,0.9992634859834282,0.851508780281951,0.7604247018929517,0.7107461243968132,0.801898043833425,0.5448981822768696,0.6049475768635727,0.4975832737046798,0.5179351341404144,0.3019557843201617,0.6386176594958194,0.3585186415990909,0.21698885950963703,0.8568568987885572,0.9030361745105135,0.9993840207928979,0.41689746413189294,0.7366674005313988,0.3904539895135489,0.2342213612506794,0.9969625806444963,0.9963039592742717,0.9980843483798082,0.38818019577579116,0.13665342411786713,0.19907313419755068,0.34504198667678854,0.7184998412998028,0.959324386902586,0.7359043731524906,0.997294112018823,0.15096299310317304,0.7618372642959322,0.4285859663614409,0.06489469917728644,0.06852481949795332,0.36679472184404177,0.7901288661522967,0.9960679780193028,0.49098123883041134,0.19423838381957226,0.2257385956823927,0.7841394255452907,0.9935864940126252,0.6091519005623269,0.5634692184436526,0.5660215266421301,0.4614747295917708,0.9989519161294681,0.8342740392129934,0.8677811186908754
4.9,0.6301435986290954,0.3080208781924464,0.6301435986290954,0.999844935228505,0.3798241439846171,0.94352004864617,0.6864001083680037,37178472319.116615,0.997286315285201,0.1973658017490232,0.8483737520487031,0.9709081063577722,0.9992954945295661,0.9998338872743142,0.8954975775627441,0.47712876629766704,0.9970586985046602,0.8814581134173286,0.9214262024419946,0.6788553098158953,0.7495011417920215,0.4567776764961526,0.47770454073311075,0.4240707150057439,0.5360963014172409,0.39084826145109647,0.4224219227535862,0.23264387488580288,0.21385425115259732,0.821721168758467,0.8890235685562772,0.9996710183999914,0.428145052222346,0.7721963903290276,0.23645403775371127,0.28567633124443104,0.9966070373620346,0.9976805570336261,0.9966070373620332,0.4896716853676702,0.16802392567129837,0.2709208914642329,0.32396232425080423,0.7879906426436118,0.9880848862991833,0.6864001083680037,0.9984051540100903,0.12770328427559596,0.7430405245566418,0.36880002651813776,0.06983039557439824,0.0728274793937188,0.3246749362302668,0.7687830390424979,0.999844935228505,0.5296918704866207,0.12380504672174526,0.2453880577695828,0.8397483055736887,0.9876336761871557,0.7203448992002516,0.39575088337694886,0.6810901274733263,0.46222147978777783,0.9992954945295635,0.8467354342707986,0.9656138948503454
5.0,0.6380341186707511,0.3006616089840988,0.6380341186707511,0.9999999999999966,0.3841756522896852,0.9490241655205304,0.7122585022353641,37644013001.57431,0.9987446105291696,0.24315458585826044,0.8150608105267906,0.9752310440399171,0.9983133553222102,0.9985962618344828,0.9190702988129501,0.5422355356688856,0.9989410049036066,0.7926879805756557,0.7349454944861875,0.7122585022353641,0.772897953624529,0.4996931713124046,0.4382228415267636,0.41181744405671233,0.6398607993288183,0.29265628589694576,0.4165345053590558,0.22567223335994138,0.23493278635289197,0.8269102641202035,0.9731875922566293,0.9772023610543239,0.4219154103372362,0.8402625544167167,0.21017204322989722,0.3441627469710309,0.99768378256151,0.9936070325000632,0.9976837825615102,0.6380251838943378,0.19313928017625884,0.2827677530978922,0.3717079166555246,0.8693940868244466,0.9981664037365161,0.659277798424596,0.9975398649665074,0.14436085245742347,0.7844853579411163,0.392425364554683,0.10343251798278937,0.07645114920302731,0.37592594002468743,0.7841275401674883,0.9999999999999966,0.571900779097159,0.09327155237917709,0.2659919101545592,0.8111578338605033,0.9648990095158542,0.7361940821556503,0.39819326397947385,0.6514008113911568,0.5139292448206053,0.988194245533499,0.8001888614335186,0.9331493215252066
"","","","","","","","","","","","","","","","","","","","","","","","","","","","","","","","","","","","","","","","","","","","","","","","","","","","","","","","","","","","","","","","","","","",""
"","","","","","","","","","","","","","","","","","","","","","","","","","","","","","","","","","","","","","","","","","","","","","","","","","","","","","","","","","","","","","","","","","","",""
