"time","mean","stdev","min","max","q1","q3","median","('s9', 's18')","('s9', 's8')","('s9', 's7')","('s9', 's6')","('s9', 's10')","('s8', 's7')","('s8', 's5')","('s3', 's2')","('s3', 's1')","('s3', 's6')","('s2', 's12')","('s2', 's1')","('s1', 's4')","('s7', 's20')","('s7', 's25')","('s6', 's12')","('s6', 's10')","('s6', 's4')","('s5', 's25')","('s5', 's27')","('s5', 's4')","('s19', 's20')","('s19', 's18')","('s19', 's17')","('s19', 's21')","('s18', 's20')","('s18', 's17')","('s13', 's11')","('s13', 's16')","('s13', 's15')","('s13', 's14')","('s12', 's11')","('s11', 's10')","('s11', 's16')","('s10', 's16')","('s17', 's16')","('s17', 's15')","('s17', 's14')","('s15', 's14')","('s30', 's28')","('s30', 's29')","('s30', 's24')","('s22', 's23')","('s22', 's21')","('s22', 's24')","('s23', 's28')","('s23', 's26')","('s23', 's24')","('s20', 's26')","('s20', 's21')","('s26', 's25')","('s27', 's28')","('s27', 's29')","('s27', 's25')","('s25', 's28')","('s28', 's29')"
0.1,0.5,0.7319250547113999,0.0,3.0,0.0,1.0,0.0,2.0,2.0,2.0,1.0,3.0,0.0,0.0,0.0,0.0,0.0,0.0,0.0,0.0,1.0,1.0,1.0,0.0,1.0,0.0,0.0,1.0,1.0,0.0,2.0,0.0,1.0,0.0,1.0,0.0,0.0,0.0,1.0,0.0,1.0,1.0,2.0,1.0,0.0,0.0,0.0,0.0,0.0,0.0,0.0,0.0,0.0,0.0,0.0,1.0,0.0,0.0,0.0,0.0,0.0,1.0,0.0
0.2,0.9285714285714286,1.1157499537009508,0.0,4.0,0.0,1.0,1.0,3.0,3.0,3.0,4.0,3.0,1.0,2.0,0.0,1.0,3.0,2.0,1.0,0.0,2.0,1.0,1.0,0.0,1.0,0.0,1.0,1.0,1.0,0.0,0.0,0.0,2.0,1.0,2.0,0.0,0.0,0.0,4.0,0.0,2.0,1.0,1.0,0.0,1.0,0.0,0.0,0.0,0.0,0.0,0.0,0.0,0.0,1.0,0.0,1.0,1.0,0.0,0.0,0.0,0.0,1.0,0.0
0.3,0.8571428571428571,0.832993127835043,0.0,3.0,0.0,1.0,1.0,2.0,1.0,1.0,2.0,0.0,0.0,1.0,0.0,1.0,2.0,1.0,1.0,0.0,3.0,1.0,1.0,0.0,1.0,0.0,2.0,1.0,1.0,0.0,2.0,1.0,1.0,2.0,2.0,0.0,0.0,0.0,3.0,0.0,1.0,0.0,1.0,2.0,2.0,0.0,0.0,0.0,1.0,1.0,1.0,2.0,1.0,0.0,0.0,0.0,0.0,0.0,1.0,1.0,0.0,1.0,0.0
0.4,0.8392857142857143,1.0137762805169466,0.0,4.0,0.0,1.0,1.0,2.0,1.0,1.0,0.0,1.0,0.0,1.0,0.0,0.0,1.0,2.0,1.0,0.0,4.0,3.0,4.0,1.0,1.0,1.0,1.0,1.0,1.0,1.0,0.0,0.0,0.0,1.0,3.0,0.0,0.0,1.0,2.0,1.0,0.0,0.0,0.0,0.0,1.0,0.0,1.0,0.0,0.0,2.0,0.0,0.0,2.0,0.0,0.0,0.0,0.0,0.0,2.0,0.0,1.0,2.0,0.0
0.5,1.0892857142857142,1.056895482639835,0.0,4.0,0.0,2.0,1.0,4.0,1.0,3.0,2.0,2.0,0.0,0.0,0.0,0.0,1.0,1.0,2.0,1.0,2.0,4.0,2.0,0.0,2.0,1.0,1.0,3.0,2.0,1.0,1.0,1.0,0.0,2.0,2.0,0.0,0.0,0.0,3.0,1.0,0.0,0.0,1.0,0.0,1.0,0.0,0.0,0.0,0.0,2.0,1.0,0.0,1.0,1.0,0.0,1.0,0.0,2.0,2.0,1.0,2.0,1.0,0.0
0.6,1.375,1.1110243021644486,0.0,5.0,1.0,2.0,1.0,3.0,2.0,3.0,3.0,3.0,1.0,1.0,0.0,0.0,1.0,1.0,2.0,1.0,2.0,5.0,3.0,0.0,2.0,1.0,1.0,3.0,2.0,2.0,2.0,3.0,1.0,1.0,2.0,0.0,0.0,0.0,2.0,2.0,0.0,1.0,1.0,0.0,1.0,0.0,0.0,0.0,1.0,2.0,2.0,1.0,1.0,1.0,0.0,1.0,1.0,3.0,1.0,1.0,3.0,1.0,0.0
0.7,1.1071428571428572,1.1445300256401474,0.0,5.0,0.0,2.0,1.0,2.0,0.0,2.0,2.0,3.0,2.0,1.0,0.0,0.0,0.0,1.0,1.0,0.0,3.0,5.0,2.0,1.0,2.0,0.0,0.0,2.0,1.0,3.0,2.0,2.0,1.0,1.0,3.0,0.0,1.0,0.0,3.0,3.0,1.0,0.0,1.0,1.0,0.0,0.0,0.0,1.0,0.0,1.0,0.0,0.0,1.0,0.0,0.0,0.0,1.0,1.0,1.0,1.0,3.0,0.0,0.0
0.8,1.125,0.9647816185171499,0.0,4.0,0.0,2.0,1.0,2.0,1.0,3.0,2.0,2.0,0.0,0.0,0.0,0.0,2.0,1.0,1.0,1.0,1.0,4.0,1.0,0.0,2.0,2.0,1.0,3.0,0.0,1.0,3.0,2.0,0.0,1.0,2.0,0.0,0.0,0.0,2.0,1.0,2.0,0.0,1.0,1.0,1.0,0.0,2.0,1.0,0.0,0.0,2.0,0.0,1.0,0.0,1.0,1.0,1.0,1.0,1.0,2.0,2.0,2.0,0.0
0.9,1.3928571428571428,1.220049346609909,0.0,5.0,0.0,2.0,1.0,3.0,1.0,3.0,1.0,3.0,0.0,0.0,0.0,0.0,2.0,2.0,3.0,2.0,1.0,2.0,1.0,1.0,3.0,1.0,4.0,5.0,1.0,1.0,2.0,1.0,0.0,3.0,4.0,0.0,1.0,0.0,3.0,2.0,1.0,2.0,1.0,1.0,3.0,0.0,2.0,0.0,0.0,0.0,1.0,0.0,1.0,1.0,0.0,2.0,0.0,1.0,1.0,2.0,1.0,2.0,0.0
1.0,1.0714285714285714,1.049781318335648,0.0,4.0,0.0,2.0,1.0,2.0,1.0,2.0,1.0,3.0,0.0,2.0,0.0,0.0,1.0,2.0,1.0,0.0,2.0,0.0,2.0,1.0,3.0,0.0,4.0,4.0,0.0,2.0,0.0,1.0,1.0,2.0,2.0,1.0,0.0,0.0,2.0,1.0,1.0,2.0,3.0,1.0,1.0,0.0,0.0,0.0,1.0,0.0,1.0,1.0,1.0,1.0,0.0,2.0,0.0,0.0,1.0,1.0,0.0,0.0,0.0
1.1,0.9285714285714286,1.0326308782000686,0.0,4.0,0.0,1.0,1.0,1.0,1.0,2.0,1.0,3.0,0.0,3.0,0.0,1.0,1.0,0.0,0.0,0.0,2.0,1.0,1.0,0.0,2.0,1.0,2.0,3.0,0.0,2.0,1.0,3.0,2.0,0.0,1.0,0.0,0.0,0.0,0.0,1.0,0.0,1.0,1.0,1.0,0.0,0.0,1.0,1.0,4.0,0.0,2.0,3.0,0.0,0.0,0.0,1.0,0.0,1.0,0.0,0.0,0.0,1.0,0.0
1.2,0.7142857142857143,0.9394961741404217,0.0,4.0,0.0,1.0,0.0,0.0,0.0,1.0,1.0,0.0,0.0,3.0,0.0,1.0,0.0,0.0,0.0,0.0,1.0,1.0,0.0,0.0,1.0,2.0,1.0,2.0,0.0,0.0,3.0,4.0,1.0,1.0,1.0,0.0,1.0,0.0,0.0,0.0,0.0,2.0,2.0,1.0,0.0,0.0,0.0,0.0,1.0,1.0,3.0,1.0,1.0,0.0,1.0,0.0,0.0,1.0,1.0,0.0,0.0,0.0,0.0
1.3,0.7857142857142857,0.9006800152084636,0.0,3.0,0.0,1.0,1.0,1.0,2.0,3.0,3.0,2.0,1.0,3.0,0.0,1.0,0.0,0.0,0.0,0.0,3.0,1.0,1.0,0.0,1.0,1.0,0.0,1.0,1.0,0.0,1.0,0.0,1.0,2.0,1.0,0.0,1.0,0.0,0.0,0.0,0.0,0.0,0.0,1.0,2.0,0.0,0.0,0.0,0.0,1.0,0.0,0.0,2.0,0.0,1.0,1.0,1.0,1.0,1.0,0.0,0.0,2.0,0.0
1.4,0.9285714285714286,1.0832679205787927,0.0,5.0,0.0,1.0,1.0,2.0,2.0,4.0,1.0,5.0,2.0,2.0,0.0,2.0,1.0,0.0,1.0,3.0,1.0,3.0,1.0,0.0,1.0,0.0,1.0,2.0,0.0,0.0,0.0,0.0,1.0,2.0,0.0,1.0,0.0,0.0,0.0,1.0,0.0,2.0,1.0,0.0,1.0,0.0,0.0,0.0,0.0,1.0,0.0,0.0,1.0,1.0,0.0,1.0,1.0,0.0,0.0,1.0,1.0,2.0,0.0
1.5,1.2142857142857142,1.2777531299998799,0.0,4.0,0.0,2.0,1.0,3.0,3.0,3.0,3.0,4.0,1.0,4.0,0.0,1.0,2.0,2.0,1.0,2.0,1.0,4.0,4.0,0.0,1.0,0.0,0.0,1.0,1.0,0.0,2.0,0.0,0.0,2.0,1.0,1.0,1.0,0.0,2.0,2.0,1.0,2.0,0.0,3.0,1.0,0.0,0.0,0.0,0.0,1.0,0.0,0.0,1.0,0.0,0.0,0.0,0.0,0.0,0.0,1.0,1.0,4.0,1.0
1.6,1.0714285714285714,1.1930923634635762,0.0,4.0,0.0,1.25,1.0,1.0,3.0,1.0,3.0,3.0,1.0,4.0,1.0,0.0,1.0,0.0,1.0,1.0,1.0,4.0,4.0,0.0,1.0,1.0,2.0,4.0,1.0,0.0,2.0,1.0,0.0,1.0,0.0,1.0,0.0,0.0,0.0,1.0,0.0,2.0,0.0,2.0,0.0,0.0,2.0,0.0,0.0,1.0,1.0,0.0,1.0,0.0,0.0,0.0,1.0,0.0,2.0,0.0,0.0,3.0,1.0
1.7,1.1964285714285714,1.156034522117108,0.0,4.0,0.0,2.0,1.0,0.0,1.0,1.0,1.0,2.0,0.0,2.0,1.0,0.0,2.0,0.0,1.0,1.0,2.0,3.0,1.0,0.0,1.0,1.0,1.0,3.0,3.0,0.0,4.0,1.0,1.0,1.0,4.0,0.0,2.0,1.0,0.0,3.0,0.0,0.0,2.0,2.0,0.0,0.0,1.0,0.0,0.0,3.0,3.0,0.0,2.0,0.0,0.0,1.0,1.0,1.0,3.0,0.0,0.0,3.0,1.0
1.8,1.1785714285714286,1.0873812391170232,0.0,5.0,0.0,2.0,1.0,2.0,1.0,1.0,2.0,2.0,0.0,2.0,0.0,1.0,2.0,0.0,1.0,3.0,1.0,2.0,1.0,1.0,3.0,0.0,4.0,5.0,2.0,0.0,2.0,1.0,1.0,0.0,3.0,0.0,1.0,1.0,0.0,2.0,1.0,1.0,2.0,1.0,0.0,0.0,1.0,1.0,1.0,1.0,1.0,0.0,1.0,0.0,0.0,2.0,0.0,0.0,1.0,1.0,0.0,3.0,1.0
1.9,1.2321428571428572,1.0520570229753878,0.0,5.0,0.75,2.0,1.0,0.0,2.0,1.0,1.0,2.0,1.0,2.0,0.0,1.0,1.0,0.0,1.0,2.0,1.0,2.0,1.0,1.0,2.0,0.0,3.0,4.0,2.0,0.0,5.0,3.0,1.0,1.0,0.0,1.0,0.0,2.0,0.0,1.0,1.0,1.0,1.0,1.0,2.0,0.0,1.0,0.0,0.0,2.0,3.0,1.0,2.0,2.0,0.0,1.0,0.0,1.0,1.0,1.0,0.0,2.0,2.0
2.0,1.4285714285714286,1.265717510476382,0.0,5.0,0.0,2.0,1.0,5.0,2.0,3.0,4.0,2.0,1.0,2.0,0.0,1.0,1.0,1.0,2.0,3.0,0.0,2.0,2.0,1.0,2.0,0.0,2.0,3.0,1.0,4.0,3.0,5.0,2.0,1.0,0.0,1.0,0.0,2.0,1.0,1.0,2.0,1.0,2.0,0.0,2.0,0.0,1.0,0.0,0.0,0.0,3.0,1.0,0.0,2.0,0.0,1.0,0.0,1.0,1.0,2.0,1.0,0.0,0.0
2.1,1.2142857142857142,1.3190132366156713,0.0,5.0,0.0,2.0,1.0,4.0,0.0,2.0,3.0,1.0,1.0,1.0,1.0,0.0,3.0,0.0,2.0,4.0,0.0,1.0,1.0,1.0,1.0,1.0,2.0,3.0,1.0,3.0,3.0,5.0,0.0,0.0,0.0,1.0,0.0,0.0,0.0,1.0,2.0,1.0,2.0,0.0,0.0,0.0,1.0,1.0,1.0,1.0,5.0,1.0,0.0,0.0,0.0,0.0,0.0,1.0,1.0,3.0,2.0,0.0,0.0
2.2,1.3392857142857142,1.3266066500970182,0.0,5.0,0.0,2.0,1.0,4.0,1.0,0.0,5.0,0.0,1.0,1.0,0.0,0.0,1.0,0.0,2.0,4.0,0.0,2.0,1.0,0.0,1.0,1.0,3.0,4.0,1.0,1.0,4.0,4.0,1.0,0.0,0.0,1.0,2.0,0.0,0.0,0.0,2.0,1.0,2.0,2.0,0.0,0.0,2.0,1.0,2.0,1.0,4.0,3.0,1.0,0.0,1.0,0.0,1.0,1.0,2.0,2.0,1.0,1.0,0.0
2.3,1.3035714285714286,1.3217904909783609,0.0,6.0,0.0,2.0,1.0,3.0,2.0,1.0,4.0,2.0,1.0,2.0,0.0,0.0,1.0,1.0,1.0,3.0,1.0,2.0,1.0,0.0,2.0,1.0,2.0,3.0,2.0,1.0,6.0,4.0,1.0,0.0,0.0,0.0,0.0,0.0,1.0,0.0,4.0,0.0,4.0,1.0,0.0,0.0,1.0,1.0,2.0,0.0,3.0,1.0,0.0,1.0,1.0,0.0,2.0,1.0,1.0,1.0,1.0,0.0,0.0
2.4,1.4464285714285714,1.5574663818562005,0.0,6.0,0.0,2.0,1.0,4.0,1.0,2.0,6.0,1.0,1.0,2.0,0.0,1.0,0.0,2.0,0.0,3.0,0.0,1.0,3.0,0.0,3.0,1.0,2.0,4.0,1.0,3.0,5.0,5.0,3.0,0.0,0.0,0.0,0.0,0.0,1.0,0.0,4.0,0.0,4.0,1.0,0.0,0.0,1.0,0.0,1.0,0.0,4.0,2.0,0.0,2.0,1.0,1.0,1.0,1.0,1.0,0.0,0.0,1.0,1.0
2.5,1.5,1.4267845968170128,0.0,5.0,0.0,2.25,1.0,4.0,0.0,1.0,5.0,1.0,1.0,1.0,1.0,0.0,4.0,2.0,0.0,3.0,1.0,2.0,2.0,1.0,3.0,0.0,2.0,4.0,1.0,3.0,3.0,4.0,4.0,0.0,1.0,1.0,0.0,1.0,1.0,1.0,3.0,1.0,3.0,1.0,0.0,0.0,2.0,0.0,1.0,0.0,5.0,3.0,0.0,1.0,0.0,1.0,2.0,0.0,1.0,0.0,2.0,0.0,0.0
2.6,1.6964285714285714,1.3485394593668327,0.0,5.0,1.0,3.0,1.0,4.0,0.0,2.0,3.0,1.0,1.0,2.0,1.0,0.0,4.0,1.0,2.0,5.0,2.0,3.0,0.0,0.0,2.0,1.0,3.0,4.0,4.0,1.0,4.0,3.0,3.0,1.0,1.0,0.0,0.0,0.0,1.0,1.0,3.0,0.0,3.0,3.0,0.0,0.0,1.0,0.0,1.0,1.0,4.0,2.0,2.0,2.0,0.0,2.0,2.0,2.0,1.0,1.0,3.0,1.0,1.0
2.7,1.3035714285714286,1.1006433647310696,0.0,4.0,0.0,2.0,1.0,2.0,0.0,1.0,2.0,0.0,1.0,1.0,3.0,0.0,1.0,3.0,2.0,4.0,2.0,2.0,2.0,0.0,3.0,0.0,2.0,3.0,3.0,1.0,3.0,2.0,2.0,0.0,2.0,0.0,0.0,1.0,4.0,0.0,1.0,0.0,1.0,2.0,0.0,0.0,0.0,1.0,1.0,2.0,2.0,1.0,1.0,0.0,0.0,1.0,1.0,1.0,2.0,1.0,2.0,1.0,0.0
2.8,1.5357142857142858,1.2951045974620532,0.0,5.0,0.75,2.0,1.0,4.0,0.0,1.0,3.0,1.0,1.0,0.0,2.0,0.0,1.0,1.0,2.0,5.0,3.0,2.0,2.0,0.0,4.0,2.0,2.0,4.0,2.0,2.0,3.0,4.0,3.0,0.0,0.0,0.0,0.0,0.0,2.0,1.0,0.0,0.0,0.0,2.0,1.0,0.0,1.0,2.0,2.0,1.0,4.0,2.0,1.0,1.0,1.0,1.0,2.0,3.0,1.0,1.0,2.0,1.0,0.0
2.9,1.4285714285714286,1.251529676281088,0.0,5.0,1.0,2.0,1.0,3.0,2.0,1.0,2.0,1.0,0.0,0.0,2.0,0.0,2.0,0.0,2.0,5.0,1.0,1.0,1.0,0.0,2.0,3.0,2.0,5.0,1.0,1.0,3.0,3.0,3.0,2.0,0.0,0.0,0.0,0.0,1.0,1.0,0.0,0.0,0.0,1.0,3.0,0.0,1.0,1.0,2.0,2.0,4.0,1.0,1.0,2.0,1.0,1.0,1.0,4.0,1.0,1.0,1.0,1.0,1.0
3.0,1.2321428571428572,0.9447424333150924,0.0,4.0,1.0,2.0,1.0,3.0,1.0,2.0,2.0,2.0,0.0,0.0,1.0,1.0,3.0,1.0,1.0,1.0,1.0,1.0,1.0,2.0,1.0,2.0,1.0,2.0,2.0,0.0,2.0,1.0,4.0,1.0,0.0,0.0,0.0,0.0,1.0,1.0,1.0,2.0,1.0,1.0,1.0,0.0,1.0,0.0,1.0,2.0,2.0,0.0,2.0,2.0,0.0,4.0,1.0,2.0,1.0,0.0,1.0,2.0,1.0
3.1,1.2857142857142858,1.1909522857523616,0.0,4.0,0.0,2.0,1.0,4.0,0.0,4.0,2.0,3.0,0.0,0.0,1.0,0.0,2.0,2.0,2.0,2.0,0.0,1.0,2.0,1.0,1.0,1.0,2.0,3.0,1.0,0.0,3.0,2.0,3.0,1.0,0.0,0.0,0.0,0.0,1.0,1.0,0.0,1.0,0.0,3.0,1.0,0.0,2.0,0.0,2.0,0.0,4.0,2.0,1.0,0.0,0.0,1.0,3.0,2.0,2.0,0.0,1.0,2.0,0.0
3.2,1.5892857142857142,1.1918890425689457,0.0,5.0,1.0,2.0,1.0,5.0,1.0,3.0,3.0,3.0,0.0,1.0,1.0,1.0,4.0,1.0,1.0,1.0,0.0,1.0,2.0,1.0,2.0,0.0,4.0,3.0,2.0,1.0,4.0,2.0,2.0,1.0,1.0,1.0,0.0,1.0,1.0,2.0,0.0,1.0,0.0,3.0,2.0,0.0,3.0,0.0,2.0,1.0,2.0,1.0,2.0,2.0,0.0,3.0,1.0,3.0,2.0,2.0,1.0,2.0,0.0
3.3,1.3928571428571428,1.1753201908503095,0.0,5.0,0.0,2.0,1.0,4.0,2.0,3.0,3.0,4.0,0.0,2.0,1.0,2.0,5.0,0.0,0.0,0.0,1.0,2.0,1.0,1.0,2.0,2.0,2.0,2.0,1.0,1.0,3.0,1.0,2.0,0.0,0.0,2.0,0.0,0.0,1.0,2.0,0.0,3.0,1.0,2.0,1.0,0.0,1.0,0.0,1.0,2.0,3.0,0.0,1.0,2.0,0.0,2.0,2.0,2.0,1.0,1.0,0.0,1.0,0.0
3.4,1.3392857142857142,1.2287738620599125,0.0,4.0,0.0,2.0,1.0,4.0,3.0,3.0,4.0,3.0,0.0,2.0,0.0,0.0,3.0,0.0,0.0,0.0,2.0,2.0,2.0,1.0,3.0,1.0,2.0,2.0,4.0,0.0,4.0,2.0,1.0,1.0,0.0,1.0,0.0,0.0,1.0,2.0,1.0,2.0,2.0,3.0,0.0,0.0,1.0,0.0,1.0,1.0,1.0,0.0,0.0,1.0,0.0,1.0,0.0,2.0,1.0,2.0,2.0,1.0,0.0
3.5,1.2321428571428572,1.1950952058394377,0.0,4.0,0.0,2.0,1.0,3.0,2.0,3.0,1.0,4.0,0.0,1.0,0.0,1.0,4.0,0.0,0.0,0.0,1.0,1.0,0.0,4.0,0.0,1.0,3.0,1.0,3.0,1.0,1.0,0.0,1.0,1.0,0.0,2.0,0.0,1.0,1.0,2.0,0.0,4.0,2.0,2.0,0.0,0.0,1.0,0.0,1.0,1.0,0.0,0.0,2.0,3.0,0.0,1.0,0.0,2.0,2.0,2.0,1.0,1.0,1.0
3.6,1.3571428571428572,1.2016145600900514,0.0,4.0,0.0,2.0,1.0,3.0,2.0,4.0,2.0,3.0,0.0,2.0,1.0,1.0,4.0,0.0,0.0,1.0,1.0,2.0,1.0,3.0,1.0,1.0,2.0,1.0,0.0,0.0,1.0,0.0,3.0,3.0,1.0,3.0,0.0,3.0,2.0,2.0,0.0,4.0,3.0,2.0,1.0,0.0,1.0,0.0,1.0,0.0,0.0,0.0,3.0,2.0,1.0,0.0,0.0,0.0,1.0,1.0,1.0,1.0,1.0
3.7,1.4107142857142858,1.2360187486194434,0.0,4.0,0.0,2.25,1.0,3.0,2.0,3.0,1.0,3.0,0.0,3.0,0.0,1.0,1.0,0.0,1.0,2.0,1.0,3.0,1.0,0.0,1.0,3.0,3.0,4.0,0.0,0.0,0.0,0.0,3.0,3.0,1.0,4.0,0.0,2.0,1.0,2.0,0.0,4.0,3.0,2.0,1.0,0.0,2.0,0.0,1.0,1.0,0.0,0.0,3.0,2.0,1.0,0.0,0.0,1.0,1.0,1.0,1.0,2.0,1.0
3.8,1.1607142857142858,1.2067782627766395,0.0,4.0,0.0,2.0,1.0,1.0,1.0,2.0,0.0,3.0,0.0,2.0,0.0,0.0,0.0,0.0,1.0,0.0,0.0,1.0,0.0,2.0,3.0,2.0,4.0,2.0,0.0,0.0,2.0,2.0,1.0,0.0,1.0,4.0,0.0,1.0,0.0,4.0,1.0,4.0,2.0,2.0,0.0,0.0,1.0,1.0,2.0,1.0,1.0,0.0,3.0,1.0,2.0,0.0,0.0,0.0,0.0,2.0,0.0,2.0,1.0
3.9,0.875,0.9270248108869579,0.0,4.0,0.0,1.0,1.0,2.0,0.0,3.0,1.0,2.0,0.0,0.0,0.0,0.0,1.0,1.0,1.0,0.0,1.0,0.0,0.0,1.0,1.0,2.0,1.0,1.0,0.0,0.0,1.0,1.0,2.0,0.0,0.0,1.0,0.0,0.0,0.0,2.0,0.0,1.0,2.0,1.0,0.0,0.0,2.0,0.0,2.0,0.0,1.0,1.0,4.0,3.0,2.0,1.0,0.0,1.0,0.0,0.0,1.0,1.0,1.0
4.0,0.9285714285714286,0.9422075684480659,0.0,3.0,0.0,2.0,1.0,3.0,0.0,2.0,0.0,2.0,0.0,1.0,0.0,0.0,0.0,0.0,0.0,2.0,1.0,3.0,0.0,2.0,1.0,1.0,2.0,3.0,0.0,0.0,0.0,1.0,1.0,1.0,0.0,0.0,0.0,0.0,0.0,3.0,0.0,1.0,1.0,1.0,0.0,0.0,1.0,0.0,1.0,0.0,2.0,2.0,2.0,1.0,1.0,0.0,1.0,2.0,1.0,1.0,1.0,2.0,2.0
4.1,0.9464285714285714,0.9895822144641006,0.0,3.0,0.0,2.0,1.0,3.0,0.0,2.0,0.0,2.0,1.0,2.0,0.0,0.0,0.0,0.0,1.0,3.0,1.0,2.0,0.0,1.0,0.0,1.0,2.0,3.0,0.0,0.0,1.0,1.0,3.0,1.0,1.0,0.0,1.0,0.0,0.0,2.0,0.0,1.0,1.0,2.0,0.0,0.0,2.0,0.0,0.0,1.0,1.0,0.0,2.0,1.0,0.0,2.0,1.0,0.0,3.0,0.0,0.0,2.0,0.0
4.2,0.9285714285714286,0.9230605702371488,0.0,4.0,0.0,1.0,1.0,0.0,1.0,0.0,0.0,1.0,1.0,0.0,0.0,0.0,1.0,0.0,1.0,2.0,3.0,2.0,1.0,1.0,0.0,2.0,1.0,2.0,3.0,0.0,2.0,1.0,1.0,1.0,1.0,0.0,1.0,0.0,0.0,2.0,1.0,0.0,1.0,2.0,0.0,0.0,1.0,1.0,0.0,1.0,2.0,0.0,2.0,1.0,0.0,4.0,2.0,0.0,1.0,0.0,0.0,1.0,1.0
4.3,0.9285714285714286,1.3868919884962572,0.0,6.0,0.0,1.25,0.0,2.0,0.0,2.0,3.0,1.0,2.0,0.0,0.0,0.0,3.0,0.0,0.0,0.0,5.0,6.0,2.0,0.0,0.0,2.0,0.0,0.0,2.0,0.0,1.0,0.0,2.0,0.0,0.0,0.0,0.0,1.0,0.0,1.0,1.0,0.0,1.0,0.0,0.0,0.0,0.0,1.0,0.0,0.0,1.0,0.0,0.0,1.0,0.0,3.0,5.0,2.0,0.0,1.0,1.0,0.0,0.0
4.4,1.0,1.224744871391589,0.0,4.0,0.0,2.0,1.0,3.0,0.0,2.0,2.0,1.0,0.0,0.0,1.0,1.0,2.0,0.0,0.0,1.0,4.0,4.0,1.0,0.0,2.0,3.0,2.0,4.0,2.0,1.0,0.0,0.0,1.0,0.0,0.0,0.0,0.0,1.0,0.0,1.0,0.0,1.0,1.0,0.0,0.0,0.0,0.0,0.0,0.0,0.0,0.0,0.0,0.0,2.0,0.0,4.0,2.0,3.0,0.0,2.0,1.0,1.0,0.0
4.5,1.0714285714285714,1.222660197758835,0.0,6.0,0.0,2.0,1.0,2.0,0.0,0.0,1.0,0.0,0.0,1.0,1.0,1.0,1.0,0.0,0.0,3.0,2.0,1.0,1.0,1.0,2.0,3.0,2.0,6.0,4.0,2.0,1.0,1.0,0.0,1.0,0.0,1.0,0.0,0.0,0.0,0.0,0.0,1.0,0.0,1.0,1.0,0.0,0.0,0.0,0.0,1.0,2.0,0.0,1.0,2.0,0.0,3.0,1.0,3.0,0.0,2.0,0.0,3.0,1.0
4.6,0.9821428571428571,1.0087310173213286,0.0,3.0,0.0,2.0,1.0,1.0,0.0,3.0,3.0,2.0,0.0,1.0,0.0,1.0,2.0,1.0,0.0,2.0,2.0,1.0,1.0,0.0,0.0,2.0,0.0,2.0,3.0,1.0,2.0,2.0,0.0,2.0,0.0,0.0,0.0,0.0,0.0,0.0,0.0,0.0,0.0,2.0,1.0,0.0,1.0,0.0,1.0,1.0,3.0,0.0,1.0,1.0,0.0,3.0,1.0,1.0,1.0,0.0,0.0,3.0,1.0
4.7,0.8035714285714286,1.007465753709752,0.0,3.0,0.0,1.0,0.0,1.0,0.0,2.0,3.0,1.0,1.0,2.0,0.0,1.0,2.0,1.0,0.0,0.0,2.0,0.0,3.0,1.0,3.0,1.0,1.0,3.0,3.0,1.0,0.0,1.0,1.0,0.0,0.0,0.0,0.0,0.0,0.0,0.0,0.0,1.0,0.0,0.0,0.0,0.0,0.0,1.0,0.0,0.0,1.0,0.0,0.0,2.0,0.0,3.0,0.0,0.0,2.0,1.0,0.0,0.0,0.0
4.8,0.9642857142857143,1.1796531832081247,0.0,5.0,0.0,1.25,1.0,2.0,0.0,2.0,1.0,3.0,1.0,1.0,0.0,0.0,0.0,0.0,0.0,1.0,1.0,1.0,1.0,0.0,2.0,2.0,0.0,2.0,3.0,2.0,0.0,1.0,3.0,1.0,0.0,0.0,0.0,0.0,0.0,0.0,0.0,1.0,0.0,0.0,1.0,0.0,0.0,0.0,1.0,0.0,2.0,0.0,1.0,5.0,2.0,5.0,1.0,1.0,2.0,0.0,0.0,1.0,1.0
4.9,1.3035714285714286,1.252421124649927,0.0,5.0,0.0,2.0,1.0,2.0,0.0,2.0,1.0,3.0,0.0,1.0,0.0,0.0,0.0,1.0,0.0,0.0,0.0,2.0,3.0,0.0,3.0,1.0,2.0,3.0,3.0,2.0,2.0,2.0,3.0,1.0,1.0,0.0,0.0,1.0,0.0,1.0,0.0,2.0,1.0,0.0,2.0,0.0,1.0,0.0,1.0,1.0,4.0,1.0,1.0,5.0,1.0,5.0,1.0,2.0,2.0,1.0,0.0,1.0,1.0
5.0,1.375,1.4706958994202126,0.0,6.0,0.0,2.0,1.0,0.0,0.0,0.0,0.0,0.0,0.0,1.0,0.0,0.0,0.0,1.0,3.0,2.0,0.0,1.0,3.0,0.0,4.0,2.0,4.0,6.0,3.0,1.0,3.0,2.0,1.0,1.0,2.0,0.0,0.0,1.0,1.0,1.0,0.0,0.0,1.0,0.0,1.0,0.0,1.0,1.0,3.0,1.0,3.0,1.0,1.0,5.0,2.0,5.0,0.0,2.0,2.0,3.0,1.0,0.0,1.0
5.1,1.0178571428571428,0.8343318847302619,0.0,3.0,0.0,1.25,1.0,0.0,0.0,2.0,1.0,1.0,0.0,2.0,1.0,1.0,2.0,2.0,1.0,1.0,0.0,1.0,0.0,2.0,0.0,1.0,2.0,2.0,1.0,1.0,1.0,1.0,1.0,1.0,1.0,0.0,0.0,0.0,2.0,0.0,1.0,2.0,3.0,2.0,1.0,0.0,1.0,0.0,1.0,0.0,1.0,0.0,1.0,3.0,1.0,3.0,0.0,1.0,2.0,1.0,0.0,1.0,1.0
5.2,1.0892857142857142,0.9311434160345494,0.0,3.0,0.0,2.0,1.0,2.0,1.0,2.0,3.0,1.0,0.0,1.0,1.0,1.0,2.0,2.0,0.0,0.0,0.0,1.0,2.0,1.0,1.0,0.0,2.0,1.0,0.0,1.0,3.0,3.0,1.0,1.0,2.0,0.0,0.0,2.0,3.0,0.0,1.0,1.0,2.0,0.0,3.0,0.0,1.0,0.0,2.0,1.0,2.0,1.0,1.0,1.0,0.0,1.0,0.0,0.0,2.0,0.0,0.0,1.0,1.0
5.3,0.9285714285714286,0.9974457174120672,0.0,5.0,0.0,1.0,1.0,0.0,3.0,0.0,2.0,1.0,1.0,1.0,1.0,0.0,1.0,1.0,0.0,0.0,0.0,1.0,1.0,1.0,1.0,0.0,2.0,2.0,2.0,0.0,5.0,2.0,1.0,0.0,0.0,1.0,0.0,0.0,1.0,0.0,1.0,1.0,3.0,1.0,1.0,0.0,0.0,0.0,0.0,1.0,1.0,1.0,1.0,3.0,0.0,1.0,0.0,2.0,1.0,2.0,0.0,0.0,1.0
5.4,1.3035714285714286,1.5459583580737093,0.0,7.0,0.0,2.0,1.0,1.0,2.0,0.0,2.0,1.0,1.0,1.0,2.0,0.0,2.0,1.0,1.0,3.0,0.0,0.0,1.0,1.0,4.0,4.0,3.0,7.0,2.0,1.0,6.0,4.0,0.0,0.0,0.0,1.0,0.0,0.0,1.0,0.0,1.0,1.0,4.0,1.0,0.0,0.0,3.0,0.0,1.0,0.0,1.0,1.0,1.0,0.0,0.0,0.0,0.0,0.0,1.0,2.0,0.0,3.0,1.0
5.5,1.0892857142857142,1.379399270312543,0.0,7.0,0.0,1.0,1.0,0.0,0.0,1.0,0.0,1.0,1.0,0.0,0.0,2.0,1.0,1.0,0.0,3.0,0.0,1.0,1.0,2.0,4.0,4.0,2.0,7.0,1.0,0.0,3.0,1.0,0.0,1.0,0.0,1.0,0.0,0.0,1.0,0.0,1.0,1.0,3.0,0.0,0.0,0.0,4.0,0.0,2.0,1.0,1.0,0.0,1.0,1.0,0.0,0.0,2.0,0.0,1.0,0.0,0.0,3.0,1.0
5.6,1.1071428571428572,1.0803202473038693,0.0,4.0,0.0,2.0,1.0,1.0,1.0,2.0,3.0,1.0,0.0,0.0,1.0,2.0,3.0,2.0,0.0,1.0,1.0,2.0,2.0,2.0,1.0,0.0,3.0,3.0,1.0,1.0,4.0,1.0,0.0,0.0,0.0,0.0,0.0,0.0,2.0,0.0,2.0,1.0,4.0,0.0,1.0,0.0,1.0,0.0,1.0,1.0,2.0,1.0,1.0,1.0,0.0,0.0,3.0,0.0,1.0,1.0,0.0,0.0,1.0
5.7,1.0892857142857142,1.1382440378916634,0.0,4.0,0.0,2.0,1.0,1.0,0.0,1.0,2.0,0.0,0.0,0.0,0.0,0.0,2.0,1.0,0.0,0.0,2.0,2.0,2.0,3.0,3.0,1.0,3.0,3.0,2.0,1.0,4.0,0.0,2.0,2.0,0.0,0.0,0.0,1.0,1.0,0.0,0.0,1.0,4.0,1.0,3.0,0.0,1.0,0.0,1.0,0.0,0.0,0.0,1.0,0.0,0.0,1.0,1.0,1.0,1.0,3.0,0.0,1.0,2.0
5.8,0.9285714285714286,1.049781318335648,0.0,5.0,0.0,1.0,1.0,1.0,1.0,2.0,2.0,1.0,0.0,0.0,0.0,0.0,0.0,0.0,0.0,0.0,2.0,1.0,0.0,0.0,1.0,0.0,2.0,2.0,4.0,2.0,5.0,0.0,1.0,1.0,1.0,0.0,0.0,1.0,0.0,1.0,0.0,1.0,2.0,1.0,2.0,0.0,1.0,0.0,1.0,0.0,1.0,0.0,1.0,1.0,0.0,3.0,2.0,1.0,1.0,2.0,0.0,0.0,1.0
5.9,1.0535714285714286,1.1560345221171082,0.0,5.0,0.0,2.0,1.0,5.0,3.0,3.0,2.0,2.0,0.0,0.0,0.0,1.0,1.0,1.0,0.0,0.0,3.0,2.0,1.0,0.0,0.0,0.0,1.0,1.0,2.0,2.0,2.0,0.0,1.0,4.0,1.0,0.0,0.0,0.0,0.0,1.0,0.0,0.0,1.0,3.0,2.0,0.0,1.0,0.0,1.0,0.0,0.0,0.0,1.0,1.0,0.0,3.0,2.0,1.0,1.0,1.0,0.0,1.0,1.0
6.0,1.375,1.2756300964061418,0.0,4.0,0.0,2.25,1.0,3.0,3.0,3.0,3.0,2.0,0.0,1.0,1.0,1.0,1.0,2.0,0.0,0.0,4.0,1.0,2.0,1.0,1.0,0.0,3.0,3.0,1.0,1.0,4.0,3.0,1.0,2.0,0.0,0.0,0.0,2.0,0.0,1.0,1.0,0.0,2.0,3.0,3.0,0.0,3.0,0.0,3.0,0.0,2.0,2.0,0.0,0.0,0.0,1.0,2.0,0.0,4.0,1.0,0.0,0.0,0.0
6.1,1.4464285714285714,1.4628695242221565,0.0,5.0,0.0,2.0,1.0,4.0,3.0,1.0,0.0,1.0,0.0,1.0,1.0,0.0,0.0,0.0,1.0,1.0,2.0,3.0,2.0,2.0,2.0,0.0,5.0,5.0,1.0,1.0,2.0,2.0,2.0,5.0,1.0,0.0,1.0,2.0,1.0,0.0,0.0,0.0,0.0,3.0,3.0,0.0,4.0,1.0,3.0,0.0,2.0,2.0,1.0,0.0,0.0,1.0,1.0,0.0,5.0,2.0,0.0,1.0,0.0
6.2,1.625,1.4585033914451975,0.0,5.0,0.0,3.0,1.0,5.0,4.0,0.0,1.0,1.0,0.0,2.0,0.0,0.0,0.0,0.0,0.0,1.0,3.0,3.0,1.0,0.0,2.0,2.0,4.0,4.0,4.0,2.0,3.0,3.0,2.0,5.0,1.0,0.0,2.0,0.0,1.0,0.0,1.0,1.0,2.0,4.0,3.0,0.0,2.0,0.0,2.0,0.0,1.0,1.0,2.0,0.0,1.0,3.0,1.0,3.0,4.0,1.0,0.0,2.0,1.0
6.3,1.5714285714285714,1.360897063089832,0.0,5.0,0.75,2.25,1.0,5.0,2.0,2.0,3.0,1.0,0.0,1.0,0.0,1.0,0.0,1.0,1.0,3.0,0.0,2.0,1.0,0.0,1.0,2.0,4.0,4.0,2.0,2.0,3.0,3.0,4.0,3.0,0.0,0.0,1.0,0.0,0.0,1.0,1.0,1.0,3.0,3.0,2.0,0.0,2.0,0.0,2.0,1.0,1.0,1.0,1.0,1.0,0.0,4.0,0.0,4.0,4.0,2.0,1.0,1.0,0.0
6.4,1.7678571428571428,1.4998937037166935,0.0,6.0,0.75,3.0,1.0,4.0,3.0,2.0,3.0,1.0,0.0,1.0,0.0,1.0,2.0,1.0,2.0,4.0,1.0,3.0,0.0,1.0,2.0,3.0,5.0,6.0,3.0,3.0,3.0,2.0,2.0,3.0,0.0,1.0,1.0,0.0,0.0,0.0,0.0,3.0,3.0,3.0,1.0,0.0,4.0,0.0,1.0,1.0,1.0,1.0,2.0,1.0,0.0,3.0,0.0,4.0,4.0,1.0,0.0,3.0,0.0
6.5,1.4464285714285714,1.3082109219565974,0.0,4.0,0.0,3.0,1.0,3.0,2.0,3.0,4.0,0.0,0.0,1.0,0.0,0.0,0.0,3.0,4.0,1.0,1.0,3.0,0.0,0.0,1.0,2.0,3.0,3.0,3.0,2.0,4.0,3.0,1.0,2.0,3.0,0.0,1.0,3.0,2.0,1.0,0.0,0.0,2.0,3.0,0.0,0.0,3.0,0.0,1.0,0.0,1.0,1.0,2.0,0.0,0.0,2.0,0.0,1.0,3.0,1.0,0.0,2.0,0.0
6.6,1.4464285714285714,1.2088903243580578,0.0,4.0,0.0,2.0,1.0,4.0,3.0,3.0,3.0,1.0,1.0,2.0,0.0,1.0,0.0,1.0,2.0,1.0,1.0,4.0,1.0,0.0,2.0,3.0,3.0,4.0,3.0,2.0,2.0,2.0,2.0,2.0,2.0,0.0,1.0,2.0,1.0,1.0,0.0,1.0,1.0,3.0,0.0,0.0,2.0,0.0,1.0,0.0,1.0,1.0,1.0,0.0,0.0,3.0,0.0,1.0,3.0,0.0,0.0,3.0,0.0
6.7,1.2678571428571428,1.2318840307862269,0.0,5.0,0.0,2.0,1.0,5.0,3.0,2.0,2.0,2.0,1.0,1.0,0.0,2.0,1.0,0.0,0.0,2.0,0.0,2.0,2.0,2.0,2.0,4.0,2.0,4.0,2.0,2.0,2.0,1.0,2.0,2.0,0.0,0.0,0.0,0.0,0.0,2.0,0.0,1.0,3.0,1.0,1.0,0.0,1.0,0.0,0.0,0.0,0.0,0.0,0.0,2.0,1.0,3.0,0.0,2.0,1.0,0.0,0.0,3.0,0.0
6.8,1.4464285714285714,1.510908464386609,0.0,6.0,0.0,2.0,1.0,4.0,2.0,4.0,2.0,5.0,0.0,1.0,0.0,1.0,0.0,0.0,0.0,1.0,1.0,5.0,1.0,0.0,1.0,4.0,0.0,1.0,2.0,1.0,3.0,3.0,3.0,4.0,0.0,1.0,0.0,0.0,0.0,1.0,0.0,3.0,1.0,0.0,3.0,0.0,1.0,0.0,1.0,1.0,1.0,1.0,1.0,2.0,1.0,3.0,0.0,2.0,0.0,1.0,1.0,6.0,1.0
6.9,1.125,0.8464737781779522,0.0,3.0,1.0,2.0,1.0,2.0,1.0,3.0,1.0,2.0,0.0,1.0,1.0,1.0,0.0,2.0,1.0,1.0,1.0,3.0,0.0,1.0,2.0,3.0,0.0,2.0,1.0,1.0,1.0,1.0,0.0,1.0,0.0,1.0,0.0,0.0,2.0,1.0,2.0,2.0,1.0,0.0,0.0,0.0,1.0,1.0,2.0,1.0,1.0,1.0,1.0,2.0,1.0,2.0,1.0,1.0,0.0,2.0,1.0,3.0,0.0
7.0,0.9821428571428571,0.9726817022425946,0.0,4.0,0.0,2.0,1.0,1.0,0.0,3.0,3.0,1.0,0.0,0.0,1.0,1.0,1.0,0.0,0.0,1.0,2.0,0.0,0.0,2.0,4.0,3.0,0.0,2.0,1.0,1.0,2.0,1.0,1.0,1.0,1.0,0.0,0.0,0.0,0.0,2.0,0.0,1.0,2.0,0.0,2.0,0.0,0.0,1.0,0.0,2.0,1.0,1.0,1.0,1.0,0.0,2.0,1.0,2.0,0.0,1.0,0.0,2.0,0.0
7.1,1.3928571428571428,1.3185296387124807,0.0,5.0,0.0,2.0,1.0,2.0,0.0,5.0,5.0,2.0,0.0,2.0,1.0,1.0,1.0,1.0,0.0,1.0,2.0,2.0,1.0,1.0,2.0,4.0,1.0,2.0,2.0,1.0,2.0,1.0,1.0,1.0,4.0,0.0,1.0,1.0,1.0,3.0,0.0,0.0,1.0,0.0,2.0,0.0,2.0,0.0,1.0,3.0,0.0,0.0,2.0,1.0,0.0,2.0,0.0,3.0,1.0,0.0,0.0,5.0,1.0
7.2,1.2678571428571428,1.4077727016787318,0.0,6.0,0.0,2.0,1.0,3.0,1.0,4.0,4.0,4.0,0.0,1.0,0.0,1.0,1.0,2.0,0.0,1.0,2.0,3.0,2.0,0.0,1.0,5.0,0.0,2.0,2.0,1.0,1.0,0.0,1.0,0.0,1.0,1.0,0.0,1.0,1.0,1.0,0.0,3.0,1.0,1.0,0.0,0.0,3.0,0.0,0.0,2.0,0.0,0.0,3.0,2.0,0.0,1.0,0.0,1.0,0.0,0.0,0.0,6.0,1.0
7.3,1.2142857142857142,1.1134612334371354,0.0,4.0,0.0,2.0,1.0,2.0,1.0,3.0,2.0,4.0,0.0,2.0,0.0,1.0,1.0,1.0,1.0,2.0,3.0,3.0,1.0,1.0,1.0,3.0,1.0,3.0,2.0,1.0,1.0,0.0,2.0,1.0,0.0,0.0,0.0,0.0,0.0,2.0,0.0,2.0,0.0,3.0,0.0,0.0,0.0,0.0,0.0,1.0,2.0,0.0,1.0,2.0,0.0,2.0,2.0,3.0,0.0,1.0,1.0,3.0,0.0
7.4,1.1964285714285714,1.076031778227345,0.0,4.0,0.0,2.0,1.0,2.0,1.0,2.0,4.0,2.0,1.0,3.0,0.0,1.0,3.0,1.0,0.0,1.0,2.0,2.0,2.0,0.0,1.0,1.0,1.0,2.0,3.0,1.0,3.0,0.0,2.0,2.0,0.0,1.0,0.0,1.0,0.0,1.0,0.0,1.0,0.0,4.0,1.0,0.0,0.0,0.0,0.0,1.0,1.0,0.0,2.0,2.0,0.0,3.0,1.0,1.0,0.0,1.0,1.0,2.0,0.0
7.5,1.375,1.3033267872201946,0.0,5.0,0.0,2.0,1.0,2.0,0.0,4.0,3.0,3.0,1.0,5.0,0.0,1.0,4.0,1.0,2.0,3.0,2.0,2.0,2.0,1.0,2.0,1.0,3.0,5.0,1.0,1.0,3.0,1.0,2.0,2.0,0.0,0.0,0.0,1.0,0.0,2.0,0.0,2.0,1.0,3.0,1.0,0.0,1.0,0.0,0.0,0.0,1.0,0.0,1.0,1.0,0.0,1.0,2.0,0.0,0.0,2.0,0.0,1.0,0.0
7.6,1.2678571428571428,1.1098756595185957,0.0,4.0,0.0,2.0,1.0,3.0,0.0,2.0,2.0,2.0,1.0,2.0,0.0,0.0,1.0,1.0,1.0,1.0,1.0,2.0,1.0,3.0,3.0,1.0,4.0,4.0,0.0,1.0,2.0,1.0,3.0,3.0,0.0,1.0,0.0,1.0,0.0,2.0,0.0,3.0,1.0,2.0,2.0,0.0,0.0,0.0,0.0,1.0,1.0,0.0,0.0,2.0,1.0,2.0,2.0,2.0,0.0,2.0,1.0,0.0,0.0
7.7,1.4107142857142858,1.3986828716725617,0.0,6.0,0.75,2.0,1.0,4.0,1.0,4.0,3.0,4.0,1.0,2.0,0.0,0.0,1.0,2.0,1.0,2.0,1.0,5.0,1.0,1.0,2.0,1.0,1.0,1.0,0.0,1.0,2.0,1.0,4.0,6.0,0.0,0.0,0.0,1.0,1.0,2.0,1.0,1.0,1.0,3.0,3.0,0.0,2.0,0.0,1.0,1.0,1.0,0.0,0.0,1.0,0.0,1.0,1.0,1.0,0.0,1.0,0.0,4.0,0.0
7.8,1.2857142857142858,1.4603605928757761,0.0,5.0,0.0,2.0,1.0,1.0,1.0,5.0,2.0,2.0,0.0,3.0,0.0,0.0,2.0,0.0,1.0,1.0,4.0,5.0,0.0,1.0,1.0,0.0,1.0,0.0,0.0,0.0,3.0,2.0,4.0,4.0,0.0,0.0,0.0,1.0,0.0,2.0,0.0,1.0,0.0,4.0,2.0,0.0,1.0,0.0,0.0,1.0,3.0,0.0,1.0,1.0,0.0,1.0,4.0,2.0,0.0,2.0,0.0,3.0,0.0
7.9,1.4285714285714286,1.5219482680473226,0.0,5.0,0.0,2.0,1.0,2.0,0.0,3.0,2.0,1.0,0.0,2.0,0.0,0.0,3.0,1.0,0.0,0.0,4.0,4.0,1.0,1.0,1.0,1.0,1.0,0.0,1.0,0.0,5.0,4.0,4.0,5.0,0.0,0.0,0.0,1.0,2.0,1.0,4.0,1.0,5.0,3.0,1.0,0.0,0.0,0.0,0.0,0.0,3.0,1.0,0.0,2.0,0.0,2.0,3.0,2.0,0.0,1.0,1.0,1.0,0.0
8.0,1.4642857142857142,1.3623022230543322,0.0,5.0,0.0,2.0,1.0,2.0,0.0,3.0,2.0,2.0,2.0,2.0,0.0,0.0,2.0,1.0,0.0,1.0,5.0,4.0,2.0,1.0,2.0,1.0,3.0,2.0,1.0,0.0,3.0,3.0,5.0,4.0,0.0,0.0,0.0,1.0,3.0,3.0,3.0,1.0,3.0,2.0,1.0,0.0,0.0,0.0,0.0,0.0,1.0,1.0,0.0,1.0,0.0,3.0,0.0,2.0,0.0,2.0,1.0,1.0,0.0
8.1,1.2857142857142858,1.359021256460032,0.0,5.0,0.0,2.0,1.0,3.0,2.0,4.0,2.0,3.0,0.0,3.0,1.0,0.0,3.0,0.0,0.0,0.0,2.0,4.0,2.0,3.0,2.0,0.0,4.0,1.0,1.0,0.0,2.0,1.0,3.0,3.0,0.0,0.0,0.0,0.0,1.0,5.0,1.0,1.0,2.0,1.0,1.0,0.0,1.0,0.0,0.0,0.0,0.0,0.0,0.0,1.0,0.0,2.0,0.0,2.0,0.0,3.0,0.0,2.0,0.0
8.2,0.9107142857142857,1.004930447385108,0.0,4.0,0.0,2.0,1.0,1.0,0.0,3.0,2.0,4.0,0.0,1.0,1.0,1.0,2.0,0.0,0.0,0.0,0.0,3.0,0.0,2.0,0.0,0.0,1.0,0.0,1.0,0.0,3.0,2.0,1.0,0.0,1.0,1.0,1.0,0.0,0.0,2.0,1.0,2.0,2.0,1.0,0.0,0.0,0.0,0.0,0.0,0.0,2.0,2.0,0.0,2.0,1.0,2.0,0.0,0.0,0.0,1.0,1.0,1.0,0.0
8.3,1.375,1.3304470247680986,0.0,5.0,0.0,2.0,1.0,1.0,0.0,4.0,2.0,4.0,0.0,1.0,0.0,2.0,2.0,0.0,0.0,0.0,0.0,4.0,1.0,2.0,1.0,1.0,0.0,1.0,2.0,0.0,5.0,3.0,2.0,1.0,0.0,2.0,1.0,1.0,0.0,1.0,1.0,3.0,2.0,3.0,1.0,0.0,1.0,0.0,0.0,1.0,4.0,3.0,1.0,3.0,1.0,4.0,0.0,1.0,0.0,0.0,1.0,2.0,1.0
8.4,0.9642857142857143,1.0850326807830937,0.0,5.0,0.0,2.0,1.0,5.0,2.0,3.0,2.0,2.0,0.0,0.0,0.0,1.0,2.0,0.0,1.0,1.0,1.0,3.0,1.0,1.0,0.0,1.0,0.0,1.0,0.0,3.0,2.0,3.0,0.0,2.0,0.0,1.0,0.0,2.0,0.0,0.0,1.0,1.0,1.0,0.0,2.0,0.0,1.0,0.0,0.0,1.0,2.0,1.0,0.0,0.0,0.0,0.0,1.0,1.0,0.0,0.0,0.0,2.0,0.0
8.5,1.1785714285714286,1.0195787445442999,0.0,4.0,0.0,2.0,1.0,4.0,2.0,3.0,3.0,3.0,0.0,0.0,0.0,1.0,2.0,0.0,2.0,2.0,1.0,2.0,1.0,1.0,2.0,1.0,1.0,3.0,2.0,2.0,2.0,2.0,2.0,2.0,1.0,1.0,0.0,2.0,0.0,1.0,0.0,1.0,1.0,0.0,2.0,0.0,1.0,0.0,1.0,0.0,1.0,0.0,0.0,2.0,1.0,2.0,0.0,1.0,0.0,0.0,0.0,2.0,0.0
8.6,1.2321428571428572,0.9818181281350907,0.0,4.0,0.75,2.0,1.0,2.0,0.0,4.0,2.0,2.0,0.0,1.0,0.0,1.0,1.0,2.0,1.0,1.0,3.0,1.0,1.0,1.0,1.0,0.0,2.0,2.0,1.0,1.0,2.0,3.0,3.0,2.0,2.0,1.0,0.0,2.0,2.0,1.0,1.0,2.0,2.0,0.0,1.0,0.0,0.0,0.0,1.0,0.0,2.0,1.0,1.0,3.0,1.0,3.0,1.0,0.0,1.0,0.0,0.0,1.0,0.0
8.7,1.25,1.0220777158038703,0.0,4.0,0.75,2.0,1.0,2.0,0.0,2.0,1.0,2.0,0.0,1.0,0.0,3.0,2.0,3.0,1.0,3.0,1.0,3.0,2.0,1.0,1.0,1.0,3.0,4.0,0.0,1.0,2.0,3.0,0.0,1.0,1.0,1.0,0.0,2.0,2.0,1.0,0.0,2.0,1.0,0.0,1.0,0.0,1.0,0.0,1.0,0.0,3.0,2.0,1.0,1.0,0.0,0.0,1.0,1.0,2.0,1.0,1.0,1.0,0.0
8.8,1.1964285714285714,1.1087258268768134,0.0,5.0,0.0,2.0,1.0,3.0,0.0,3.0,3.0,4.0,0.0,1.0,0.0,2.0,2.0,1.0,0.0,3.0,1.0,3.0,2.0,1.0,1.0,2.0,2.0,5.0,1.0,1.0,1.0,2.0,1.0,0.0,0.0,1.0,0.0,1.0,0.0,1.0,0.0,1.0,1.0,1.0,1.0,0.0,1.0,0.0,1.0,0.0,2.0,1.0,1.0,0.0,1.0,0.0,1.0,2.0,2.0,1.0,0.0,2.0,0.0
8.9,1.0,0.9819805060619657,0.0,4.0,0.0,1.0,1.0,4.0,0.0,3.0,3.0,1.0,1.0,0.0,0.0,0.0,1.0,0.0,0.0,1.0,1.0,1.0,1.0,0.0,1.0,1.0,2.0,3.0,1.0,1.0,2.0,3.0,2.0,1.0,0.0,0.0,0.0,1.0,1.0,0.0,1.0,0.0,2.0,0.0,1.0,0.0,0.0,1.0,2.0,0.0,3.0,1.0,1.0,1.0,2.0,0.0,1.0,0.0,1.0,1.0,1.0,1.0,0.0
9.0,0.7142857142857143,0.9948848769417227,0.0,3.0,0.0,1.0,0.0,3.0,0.0,3.0,3.0,0.0,0.0,2.0,0.0,0.0,0.0,0.0,0.0,0.0,0.0,3.0,3.0,1.0,1.0,0.0,0.0,0.0,0.0,2.0,1.0,2.0,0.0,0.0,0.0,0.0,0.0,2.0,1.0,0.0,0.0,2.0,2.0,0.0,1.0,0.0,0.0,0.0,0.0,0.0,1.0,0.0,1.0,2.0,1.0,0.0,0.0,1.0,0.0,1.0,1.0,0.0,0.0
9.1,0.8571428571428571,0.8112726208286106,0.0,3.0,0.0,1.0,1.0,3.0,2.0,2.0,2.0,2.0,0.0,1.0,0.0,0.0,0.0,1.0,1.0,0.0,1.0,2.0,1.0,1.0,1.0,0.0,0.0,0.0,1.0,2.0,1.0,2.0,1.0,0.0,2.0,0.0,2.0,0.0,2.0,1.0,0.0,1.0,1.0,1.0,0.0,0.0,0.0,0.0,0.0,2.0,1.0,0.0,1.0,2.0,0.0,1.0,0.0,1.0,0.0,1.0,1.0,0.0,1.0
9.2,1.125,1.165922381636102,0.0,5.0,0.0,2.0,1.0,1.0,1.0,4.0,2.0,4.0,0.0,2.0,0.0,0.0,1.0,1.0,1.0,0.0,3.0,5.0,1.0,0.0,0.0,0.0,1.0,0.0,1.0,1.0,2.0,2.0,2.0,1.0,1.0,0.0,1.0,1.0,1.0,3.0,0.0,0.0,0.0,0.0,3.0,0.0,1.0,0.0,2.0,2.0,1.0,1.0,1.0,2.0,0.0,1.0,0.0,1.0,0.0,1.0,1.0,3.0,0.0
9.3,0.9821428571428571,1.0772165094182624,0.0,4.0,0.0,2.0,1.0,0.0,0.0,0.0,1.0,0.0,0.0,2.0,0.0,0.0,1.0,0.0,2.0,1.0,4.0,3.0,1.0,0.0,1.0,1.0,2.0,2.0,2.0,0.0,4.0,2.0,1.0,1.0,0.0,0.0,0.0,0.0,0.0,0.0,0.0,1.0,1.0,2.0,3.0,0.0,0.0,0.0,2.0,2.0,2.0,1.0,1.0,2.0,1.0,0.0,0.0,3.0,1.0,1.0,0.0,1.0,0.0
9.4,1.0892857142857142,0.9687397135727744,0.0,4.0,0.0,2.0,1.0,0.0,0.0,1.0,0.0,1.0,0.0,1.0,0.0,0.0,0.0,1.0,3.0,2.0,1.0,2.0,2.0,1.0,2.0,3.0,2.0,4.0,1.0,0.0,2.0,2.0,1.0,1.0,1.0,0.0,1.0,2.0,1.0,0.0,0.0,2.0,1.0,1.0,1.0,0.0,2.0,0.0,1.0,1.0,2.0,1.0,1.0,2.0,1.0,0.0,0.0,3.0,2.0,0.0,0.0,2.0,0.0
9.5,1.0714285714285714,0.8206518066482896,0.0,3.0,0.0,2.0,1.0,0.0,1.0,2.0,1.0,2.0,0.0,0.0,0.0,0.0,1.0,1.0,2.0,1.0,2.0,2.0,1.0,1.0,2.0,2.0,1.0,1.0,2.0,0.0,1.0,0.0,1.0,1.0,2.0,0.0,2.0,2.0,2.0,1.0,1.0,2.0,2.0,1.0,1.0,0.0,2.0,0.0,0.0,2.0,0.0,0.0,1.0,2.0,0.0,1.0,1.0,2.0,1.0,0.0,0.0,3.0,1.0
9.6,1.125,1.165922381636102,0.0,4.0,0.0,2.0,1.0,1.0,1.0,4.0,3.0,2.0,1.0,0.0,0.0,0.0,4.0,2.0,2.0,0.0,3.0,3.0,0.0,0.0,1.0,0.0,1.0,1.0,1.0,0.0,1.0,0.0,1.0,0.0,2.0,0.0,1.0,1.0,3.0,2.0,0.0,0.0,0.0,1.0,0.0,0.0,0.0,0.0,0.0,3.0,1.0,0.0,2.0,3.0,0.0,2.0,3.0,2.0,1.0,0.0,1.0,2.0,1.0
9.7,1.2678571428571428,1.1571373456658867,0.0,5.0,0.0,2.0,1.0,1.0,0.0,4.0,2.0,2.0,0.0,0.0,0.0,0.0,4.0,2.0,2.0,1.0,3.0,5.0,0.0,1.0,1.0,1.0,3.0,2.0,1.0,0.0,2.0,1.0,2.0,0.0,1.0,1.0,0.0,1.0,2.0,1.0,0.0,3.0,1.0,1.0,0.0,0.0,0.0,1.0,1.0,2.0,1.0,2.0,1.0,2.0,0.0,2.0,3.0,2.0,1.0,0.0,1.0,1.0,0.0
9.8,1.375,1.4585033914451975,0.0,5.0,0.0,2.0,1.0,2.0,0.0,4.0,3.0,2.0,1.0,0.0,0.0,0.0,3.0,3.0,5.0,5.0,4.0,5.0,0.0,1.0,1.0,0.0,3.0,4.0,1.0,0.0,1.0,0.0,3.0,0.0,3.0,1.0,0.0,1.0,2.0,1.0,0.0,2.0,0.0,1.0,0.0,0.0,0.0,1.0,1.0,1.0,0.0,1.0,0.0,2.0,0.0,2.0,1.0,2.0,0.0,1.0,1.0,2.0,0.0
9.9,1.625,1.446208096071536,0.0,5.0,0.0,3.0,1.0,3.0,0.0,4.0,5.0,1.0,0.0,0.0,1.0,1.0,2.0,4.0,3.0,3.0,4.0,5.0,2.0,0.0,2.0,1.0,3.0,4.0,1.0,0.0,2.0,1.0,4.0,1.0,3.0,0.0,0.0,2.0,3.0,1.0,0.0,0.0,0.0,1.0,1.0,0.0,2.0,0.0,0.0,1.0,1.0,0.0,2.0,3.0,2.0,2.0,1.0,2.0,1.0,1.0,1.0,4.0,0.0
10.0,1.0535714285714286,1.1087258268768134,0.0,5.0,0.0,1.25,1.0,2.0,0.0,5.0,4.0,3.0,0.0,0.0,1.0,1.0,2.0,3.0,1.0,1.0,1.0,2.0,3.0,1.0,0.0,1.0,0.0,1.0,0.0,0.0,0.0,1.0,3.0,0.0,1.0,0.0,0.0,0.0,1.0,2.0,0.0,0.0,0.0,0.0,0.0,0.0,2.0,1.0,1.0,1.0,1.0,1.0,1.0,1.0,0.0,2.0,2.0,1.0,0.0,1.0,1.0,2.0,1.0
10.1,1.125,0.9831164006072003,0.0,4.0,0.0,2.0,1.0,1.0,1.0,2.0,2.0,3.0,0.0,0.0,0.0,0.0,2.0,2.0,1.0,1.0,1.0,1.0,2.0,2.0,0.0,1.0,1.0,2.0,0.0,0.0,1.0,1.0,2.0,0.0,2.0,0.0,1.0,0.0,0.0,3.0,0.0,2.0,1.0,1.0,0.0,0.0,0.0,1.0,0.0,2.0,1.0,0.0,2.0,4.0,1.0,3.0,1.0,3.0,1.0,1.0,1.0,1.0,2.0
10.2,1.0535714285714286,1.0074657537097522,0.0,4.0,0.0,2.0,1.0,2.0,1.0,1.0,2.0,2.0,0.0,1.0,0.0,0.0,2.0,2.0,2.0,1.0,1.0,1.0,0.0,1.0,1.0,2.0,0.0,2.0,1.0,0.0,2.0,0.0,1.0,0.0,1.0,0.0,2.0,0.0,1.0,2.0,1.0,1.0,3.0,2.0,0.0,0.0,1.0,0.0,0.0,1.0,0.0,0.0,1.0,4.0,0.0,3.0,1.0,4.0,0.0,0.0,1.0,1.0,1.0
10.3,0.9821428571428571,1.1258500190105798,0.0,4.0,0.0,2.0,1.0,4.0,3.0,1.0,3.0,2.0,0.0,0.0,0.0,0.0,1.0,1.0,1.0,0.0,2.0,1.0,1.0,0.0,1.0,0.0,0.0,0.0,2.0,0.0,4.0,1.0,2.0,3.0,0.0,0.0,1.0,0.0,0.0,0.0,0.0,0.0,2.0,3.0,1.0,0.0,1.0,0.0,0.0,0.0,1.0,0.0,2.0,1.0,0.0,3.0,2.0,1.0,0.0,0.0,2.0,1.0,1.0
10.4,0.9464285714285714,0.9528086837110072,0.0,4.0,0.0,1.0,1.0,3.0,3.0,1.0,2.0,1.0,0.0,0.0,1.0,0.0,2.0,2.0,2.0,1.0,0.0,0.0,0.0,1.0,0.0,0.0,1.0,1.0,0.0,0.0,3.0,2.0,1.0,3.0,0.0,0.0,0.0,1.0,1.0,0.0,1.0,1.0,1.0,4.0,1.0,0.0,1.0,0.0,1.0,0.0,1.0,2.0,1.0,0.0,0.0,1.0,1.0,1.0,1.0,0.0,1.0,1.0,1.0
10.5,0.8392857142857143,0.8404247589821495,0.0,3.0,0.0,1.0,1.0,1.0,2.0,1.0,2.0,0.0,0.0,0.0,1.0,0.0,1.0,3.0,1.0,1.0,0.0,1.0,1.0,1.0,0.0,0.0,1.0,1.0,1.0,0.0,2.0,1.0,0.0,3.0,0.0,0.0,0.0,1.0,2.0,0.0,1.0,2.0,1.0,2.0,3.0,0.0,1.0,0.0,1.0,0.0,1.0,0.0,0.0,0.0,0.0,1.0,0.0,1.0,1.0,0.0,2.0,1.0,1.0
10.6,1.0178571428571428,1.0262809318215012,0.0,4.0,0.0,2.0,1.0,1.0,4.0,1.0,3.0,2.0,0.0,1.0,0.0,0.0,2.0,3.0,1.0,1.0,1.0,2.0,1.0,1.0,0.0,1.0,0.0,2.0,2.0,0.0,2.0,0.0,1.0,2.0,0.0,0.0,0.0,0.0,2.0,1.0,1.0,2.0,1.0,3.0,1.0,0.0,1.0,0.0,1.0,0.0,0.0,0.0,0.0,0.0,0.0,2.0,0.0,2.0,0.0,0.0,3.0,2.0,1.0
10.7,0.8392857142857143,0.8818970160618389,0.0,4.0,0.0,1.0,1.0,0.0,1.0,1.0,1.0,1.0,1.0,2.0,0.0,0.0,0.0,1.0,1.0,1.0,1.0,1.0,1.0,1.0,2.0,1.0,2.0,4.0,1.0,0.0,4.0,1.0,0.0,0.0,1.0,0.0,0.0,0.0,1.0,1.0,2.0,1.0,2.0,2.0,0.0,0.0,1.0,0.0,0.0,0.0,1.0,0.0,0.0,0.0,0.0,1.0,1.0,1.0,1.0,0.0,1.0,1.0,0.0
10.8,1.1071428571428572,1.0467393492680603,0.0,4.0,0.0,2.0,1.0,2.0,0.0,2.0,4.0,0.0,0.0,3.0,0.0,0.0,1.0,1.0,2.0,2.0,1.0,1.0,1.0,2.0,3.0,2.0,0.0,3.0,0.0,0.0,4.0,1.0,1.0,0.0,2.0,1.0,1.0,0.0,2.0,1.0,2.0,2.0,2.0,1.0,1.0,0.0,1.0,0.0,0.0,1.0,1.0,0.0,2.0,0.0,0.0,0.0,1.0,1.0,0.0,0.0,1.0,2.0,1.0
10.9,1.1964285714285714,1.1865261850271582,0.0,5.0,0.0,2.0,1.0,3.0,0.0,2.0,5.0,0.0,1.0,1.0,0.0,0.0,2.0,1.0,1.0,1.0,4.0,0.0,2.0,1.0,2.0,1.0,0.0,2.0,2.0,1.0,1.0,3.0,2.0,1.0,0.0,1.0,0.0,0.0,1.0,0.0,2.0,1.0,1.0,0.0,1.0,0.0,0.0,0.0,0.0,2.0,2.0,0.0,2.0,3.0,3.0,3.0,0.0,3.0,0.0,0.0,0.0,1.0,2.0
11.0,1.1964285714285714,1.3285282251039905,0.0,6.0,0.0,2.0,1.0,3.0,1.0,4.0,6.0,2.0,0.0,0.0,0.0,0.0,2.0,1.0,1.0,3.0,3.0,0.0,1.0,0.0,2.0,2.0,0.0,5.0,0.0,1.0,1.0,3.0,1.0,0.0,1.0,0.0,0.0,1.0,1.0,2.0,2.0,0.0,1.0,0.0,0.0,0.0,0.0,0.0,0.0,1.0,2.0,1.0,1.0,2.0,2.0,2.0,1.0,3.0,0.0,0.0,0.0,1.0,1.0
11.1,1.1785714285714286,1.0873812391170232,0.0,4.0,0.0,2.0,1.0,1.0,0.0,3.0,3.0,3.0,0.0,0.0,0.0,0.0,1.0,1.0,1.0,1.0,3.0,1.0,1.0,0.0,3.0,1.0,1.0,4.0,1.0,0.0,1.0,1.0,3.0,2.0,1.0,2.0,0.0,1.0,1.0,2.0,3.0,1.0,3.0,0.0,1.0,0.0,0.0,0.0,0.0,0.0,1.0,1.0,1.0,1.0,2.0,3.0,1.0,2.0,0.0,0.0,1.0,2.0,0.0
11.2,1.1964285714285714,0.9895822144641006,0.0,3.0,0.0,2.0,1.0,3.0,2.0,2.0,2.0,2.0,0.0,0.0,1.0,0.0,0.0,2.0,1.0,0.0,2.0,2.0,1.0,1.0,3.0,0.0,0.0,2.0,1.0,0.0,2.0,2.0,2.0,3.0,3.0,2.0,1.0,2.0,1.0,1.0,2.0,2.0,3.0,2.0,0.0,0.0,0.0,0.0,0.0,1.0,1.0,0.0,0.0,1.0,1.0,2.0,0.0,2.0,0.0,0.0,1.0,2.0,1.0
11.3,1.25,1.2283845372799884,0.0,5.0,0.0,2.0,1.0,2.0,3.0,2.0,4.0,1.0,0.0,1.0,1.0,0.0,2.0,1.0,1.0,0.0,1.0,1.0,0.0,1.0,1.0,0.0,1.0,1.0,0.0,0.0,5.0,5.0,1.0,1.0,2.0,1.0,0.0,1.0,1.0,1.0,2.0,2.0,2.0,3.0,1.0,0.0,0.0,1.0,2.0,1.0,4.0,3.0,0.0,0.0,0.0,1.0,0.0,2.0,0.0,0.0,1.0,2.0,1.0
11.4,1.1785714285714286,1.151197247234728,0.0,4.0,0.0,2.0,1.0,1.0,2.0,1.0,4.0,0.0,0.0,1.0,1.0,0.0,2.0,2.0,1.0,0.0,2.0,1.0,1.0,1.0,1.0,1.0,4.0,4.0,0.0,0.0,4.0,4.0,1.0,0.0,2.0,0.0,1.0,1.0,2.0,1.0,2.0,1.0,1.0,2.0,2.0,0.0,0.0,0.0,1.0,0.0,2.0,2.0,0.0,0.0,0.0,1.0,0.0,2.0,2.0,0.0,1.0,1.0,0.0
11.5,0.7321428571428571,0.9159513288022978,0.0,5.0,0.0,1.0,1.0,1.0,0.0,1.0,2.0,0.0,0.0,0.0,0.0,0.0,1.0,1.0,0.0,2.0,1.0,0.0,1.0,0.0,0.0,2.0,2.0,5.0,1.0,0.0,1.0,0.0,0.0,1.0,1.0,2.0,1.0,1.0,1.0,0.0,0.0,1.0,2.0,0.0,2.0,0.0,0.0,0.0,1.0,1.0,1.0,0.0,0.0,0.0,0.0,1.0,0.0,2.0,1.0,0.0,0.0,1.0,0.0
11.6,0.8214285714285714,0.7816453081514031,0.0,3.0,0.0,1.0,1.0,2.0,1.0,1.0,1.0,1.0,0.0,1.0,0.0,0.0,1.0,0.0,0.0,1.0,1.0,2.0,1.0,0.0,1.0,3.0,1.0,3.0,2.0,1.0,2.0,1.0,0.0,1.0,0.0,2.0,0.0,1.0,0.0,0.0,0.0,1.0,1.0,2.0,0.0,1.0,0.0,0.0,1.0,1.0,1.0,0.0,1.0,1.0,1.0,0.0,0.0,2.0,1.0,0.0,0.0,1.0,0.0
11.7,0.625,0.8569568250501305,0.0,3.0,0.0,1.0,0.0,2.0,0.0,2.0,3.0,2.0,0.0,0.0,0.0,0.0,1.0,1.0,0.0,0.0,0.0,2.0,1.0,0.0,1.0,0.0,0.0,0.0,0.0,1.0,0.0,1.0,1.0,1.0,1.0,1.0,3.0,0.0,1.0,0.0,1.0,2.0,0.0,2.0,0.0,1.0,0.0,0.0,0.0,0.0,0.0,0.0,0.0,0.0,0.0,0.0,0.0,2.0,0.0,0.0,0.0,2.0,0.0
11.8,1.0178571428571428,1.0605098408072318,0.0,4.0,0.0,2.0,1.0,3.0,1.0,1.0,2.0,2.0,0.0,1.0,1.0,0.0,1.0,3.0,0.0,0.0,1.0,1.0,1.0,1.0,2.0,0.0,0.0,1.0,1.0,0.0,0.0,1.0,3.0,4.0,2.0,2.0,3.0,0.0,3.0,0.0,2.0,2.0,2.0,1.0,0.0,0.0,0.0,0.0,0.0,0.0,1.0,1.0,0.0,1.0,0.0,2.0,0.0,2.0,0.0,0.0,0.0,2.0,0.0
11.9,0.7857142857142857,0.8601138984851638,0.0,3.0,0.0,1.0,1.0,2.0,1.0,0.0,1.0,1.0,1.0,1.0,1.0,0.0,0.0,1.0,0.0,0.0,2.0,1.0,1.0,0.0,1.0,1.0,0.0,1.0,2.0,0.0,1.0,0.0,3.0,3.0,2.0,1.0,1.0,0.0,2.0,0.0,1.0,2.0,1.0,2.0,0.0,0.0,0.0,0.0,0.0,0.0,0.0,0.0,1.0,1.0,0.0,3.0,0.0,1.0,0.0,0.0,0.0,1.0,0.0
12.0,0.9464285714285714,0.8328017011686442,0.0,3.0,0.0,1.0,1.0,1.0,0.0,2.0,1.0,1.0,1.0,0.0,1.0,0.0,0.0,2.0,1.0,0.0,2.0,1.0,0.0,1.0,0.0,1.0,0.0,0.0,2.0,0.0,3.0,1.0,1.0,2.0,3.0,1.0,2.0,0.0,2.0,1.0,0.0,1.0,2.0,3.0,0.0,0.0,1.0,0.0,1.0,1.0,1.0,1.0,2.0,1.0,0.0,1.0,0.0,1.0,1.0,1.0,1.0,1.0,0.0
12.1,0.8392857142857143,0.9215047033886191,0.0,3.0,0.0,1.0,1.0,0.0,0.0,0.0,0.0,0.0,0.0,0.0,1.0,1.0,1.0,1.0,0.0,2.0,2.0,1.0,1.0,0.0,1.0,2.0,3.0,3.0,2.0,0.0,1.0,0.0,0.0,2.0,1.0,0.0,1.0,0.0,1.0,0.0,1.0,0.0,2.0,1.0,0.0,0.0,1.0,1.0,1.0,1.0,0.0,0.0,2.0,0.0,1.0,0.0,0.0,0.0,3.0,3.0,2.0,1.0,0.0
12.2,1.0892857142857142,1.0398623829671905,0.0,4.0,0.0,2.0,1.0,2.0,1.0,0.0,1.0,0.0,0.0,1.0,1.0,0.0,2.0,1.0,0.0,2.0,1.0,1.0,1.0,0.0,3.0,4.0,3.0,4.0,1.0,0.0,1.0,0.0,2.0,2.0,1.0,1.0,1.0,0.0,1.0,0.0,1.0,0.0,3.0,0.0,0.0,0.0,1.0,1.0,1.0,0.0,1.0,1.0,2.0,2.0,1.0,2.0,0.0,0.0,3.0,1.0,1.0,2.0,0.0
12.3,0.9464285714285714,1.076031778227345,0.0,5.0,0.0,1.0,1.0,3.0,2.0,2.0,1.0,2.0,0.0,2.0,0.0,0.0,0.0,1.0,1.0,1.0,0.0,0.0,1.0,0.0,3.0,2.0,5.0,4.0,0.0,0.0,1.0,1.0,1.0,1.0,1.0,1.0,1.0,0.0,1.0,1.0,0.0,0.0,0.0,0.0,1.0,0.0,1.0,0.0,1.0,0.0,1.0,1.0,1.0,1.0,0.0,1.0,0.0,0.0,3.0,1.0,0.0,2.0,0.0
12.4,0.9285714285714286,0.8630747123996123,0.0,2.0,0.0,2.0,1.0,1.0,0.0,2.0,1.0,2.0,0.0,1.0,0.0,0.0,0.0,2.0,2.0,1.0,1.0,0.0,1.0,1.0,0.0,2.0,1.0,2.0,0.0,0.0,1.0,2.0,2.0,2.0,1.0,0.0,2.0,0.0,2.0,1.0,0.0,1.0,0.0,2.0,0.0,0.0,2.0,0.0,2.0,0.0,2.0,2.0,0.0,0.0,0.0,2.0,1.0,1.0,2.0,0.0,0.0,2.0,0.0
12.5,0.9285714285714286,0.8206518066482896,0.0,3.0,0.0,1.0,1.0,1.0,0.0,1.0,2.0,0.0,0.0,0.0,1.0,0.0,2.0,1.0,1.0,1.0,1.0,1.0,1.0,3.0,1.0,3.0,1.0,1.0,1.0,1.0,1.0,0.0,1.0,1.0,1.0,1.0,2.0,0.0,2.0,0.0,0.0,2.0,2.0,1.0,0.0,0.0,1.0,0.0,0.0,1.0,0.0,0.0,2.0,2.0,0.0,2.0,0.0,2.0,2.0,0.0,0.0,1.0,1.0
12.6,1.0892857142857142,1.0901635806855139,0.0,4.0,0.0,2.0,1.0,1.0,0.0,4.0,2.0,3.0,0.0,0.0,0.0,0.0,2.0,0.0,0.0,0.0,1.0,3.0,1.0,1.0,0.0,1.0,1.0,0.0,1.0,1.0,2.0,1.0,3.0,2.0,2.0,0.0,2.0,0.0,0.0,2.0,0.0,0.0,0.0,2.0,1.0,0.0,1.0,0.0,1.0,1.0,3.0,2.0,3.0,1.0,0.0,1.0,2.0,0.0,2.0,0.0,0.0,3.0,2.0
12.7,1.375,1.3304470247680986,0.0,5.0,0.0,2.0,1.0,2.0,0.0,5.0,4.0,3.0,0.0,1.0,0.0,1.0,2.0,0.0,2.0,2.0,0.0,3.0,4.0,0.0,1.0,2.0,4.0,3.0,1.0,1.0,0.0,0.0,4.0,2.0,1.0,0.0,1.0,0.0,1.0,2.0,0.0,0.0,0.0,1.0,1.0,0.0,2.0,0.0,1.0,1.0,2.0,1.0,2.0,0.0,0.0,1.0,2.0,1.0,3.0,2.0,0.0,4.0,1.0
12.8,1.1607142857142858,1.1303726584356044,0.0,4.0,0.0,2.0,1.0,3.0,0.0,1.0,4.0,0.0,0.0,0.0,0.0,1.0,1.0,0.0,2.0,2.0,1.0,2.0,2.0,0.0,1.0,2.0,4.0,4.0,1.0,2.0,1.0,2.0,2.0,1.0,0.0,0.0,1.0,0.0,0.0,0.0,0.0,1.0,1.0,2.0,1.0,0.0,1.0,0.0,0.0,1.0,3.0,0.0,2.0,0.0,0.0,1.0,1.0,2.0,2.0,3.0,2.0,2.0,0.0
12.9,1.0714285714285714,1.1157499537009508,0.0,4.0,0.0,2.0,1.0,3.0,1.0,1.0,2.0,0.0,0.0,0.0,0.0,2.0,2.0,0.0,0.0,1.0,1.0,4.0,1.0,1.0,0.0,2.0,2.0,2.0,0.0,2.0,0.0,3.0,1.0,3.0,1.0,0.0,1.0,1.0,1.0,0.0,0.0,1.0,0.0,1.0,1.0,0.0,1.0,0.0,2.0,0.0,3.0,2.0,0.0,0.0,0.0,0.0,0.0,1.0,1.0,2.0,4.0,3.0,0.0
13.0,1.2321428571428572,0.9818181281350905,0.0,4.0,1.0,2.0,1.0,2.0,1.0,1.0,1.0,1.0,1.0,0.0,0.0,3.0,3.0,0.0,0.0,2.0,1.0,1.0,2.0,2.0,1.0,1.0,1.0,3.0,0.0,1.0,1.0,2.0,1.0,2.0,3.0,1.0,2.0,2.0,2.0,1.0,0.0,1.0,1.0,1.0,0.0,0.0,1.0,0.0,3.0,0.0,4.0,3.0,1.0,2.0,1.0,0.0,1.0,1.0,0.0,1.0,1.0,2.0,0.0
13.1,1.1964285714285714,1.140483025131126,0.0,5.0,0.0,2.0,1.0,2.0,2.0,3.0,3.0,2.0,0.0,0.0,0.0,2.0,2.0,0.0,0.0,1.0,1.0,5.0,2.0,1.0,1.0,1.0,1.0,3.0,0.0,1.0,3.0,3.0,1.0,1.0,2.0,0.0,2.0,1.0,1.0,1.0,1.0,0.0,1.0,1.0,2.0,0.0,1.0,0.0,1.0,0.0,4.0,3.0,0.0,1.0,1.0,0.0,0.0,1.0,0.0,0.0,1.0,1.0,0.0
13.2,1.1785714285714286,1.1355795068274745,0.0,4.0,0.0,2.0,1.0,2.0,2.0,3.0,1.0,3.0,0.0,3.0,0.0,1.0,1.0,0.0,0.0,1.0,2.0,4.0,0.0,0.0,0.0,1.0,3.0,3.0,0.0,1.0,2.0,3.0,2.0,1.0,0.0,0.0,1.0,0.0,0.0,1.0,0.0,0.0,0.0,1.0,2.0,0.0,2.0,0.0,2.0,2.0,3.0,2.0,0.0,3.0,1.0,2.0,0.0,1.0,0.0,1.0,1.0,2.0,0.0
13.3,1.0178571428571428,1.1876006939048436,0.0,4.0,0.0,2.0,1.0,1.0,1.0,2.0,2.0,2.0,0.0,3.0,0.0,1.0,1.0,0.0,0.0,1.0,1.0,3.0,0.0,1.0,1.0,1.0,4.0,4.0,0.0,2.0,2.0,3.0,2.0,0.0,0.0,0.0,0.0,0.0,0.0,2.0,0.0,0.0,0.0,1.0,1.0,0.0,4.0,0.0,2.0,1.0,3.0,1.0,0.0,0.0,0.0,0.0,0.0,0.0,0.0,2.0,0.0,2.0,0.0
13.4,1.0892857142857142,1.2855902717968797,0.0,4.0,0.0,2.0,1.0,3.0,0.0,4.0,4.0,2.0,0.0,1.0,0.0,1.0,1.0,0.0,0.0,2.0,2.0,4.0,1.0,1.0,1.0,1.0,3.0,4.0,0.0,0.0,2.0,4.0,1.0,0.0,0.0,0.0,0.0,0.0,0.0,1.0,0.0,1.0,2.0,0.0,0.0,0.0,1.0,0.0,0.0,2.0,2.0,0.0,2.0,0.0,0.0,0.0,1.0,0.0,0.0,3.0,2.0,2.0,0.0
13.5,1.0535714285714286,1.2452716694007961,0.0,5.0,0.0,2.0,1.0,2.0,0.0,4.0,2.0,4.0,0.0,1.0,1.0,1.0,1.0,1.0,0.0,1.0,3.0,5.0,2.0,0.0,0.0,0.0,1.0,2.0,0.0,0.0,2.0,3.0,3.0,0.0,0.0,0.0,0.0,0.0,0.0,2.0,0.0,0.0,1.0,0.0,0.0,0.0,2.0,0.0,1.0,1.0,2.0,0.0,0.0,0.0,1.0,1.0,2.0,0.0,0.0,2.0,2.0,3.0,0.0
13.6,0.9285714285714286,0.9609731462195508,0.0,4.0,0.0,1.0,1.0,2.0,1.0,0.0,2.0,2.0,2.0,1.0,0.0,1.0,1.0,1.0,0.0,2.0,3.0,1.0,1.0,0.0,1.0,0.0,3.0,4.0,0.0,0.0,2.0,3.0,2.0,0.0,0.0,0.0,0.0,0.0,1.0,1.0,1.0,1.0,1.0,0.0,0.0,0.0,0.0,0.0,1.0,2.0,2.0,0.0,1.0,0.0,1.0,1.0,1.0,0.0,1.0,1.0,0.0,1.0,0.0
13.7,1.0535714285714286,1.0074657537097524,0.0,4.0,0.0,2.0,1.0,3.0,1.0,1.0,2.0,1.0,1.0,1.0,0.0,1.0,1.0,1.0,0.0,2.0,3.0,3.0,0.0,0.0,1.0,1.0,0.0,2.0,1.0,2.0,4.0,3.0,1.0,1.0,1.0,0.0,1.0,0.0,1.0,0.0,0.0,1.0,2.0,0.0,1.0,0.0,0.0,0.0,0.0,2.0,3.0,0.0,0.0,1.0,0.0,1.0,2.0,2.0,0.0,1.0,2.0,1.0,0.0
13.8,1.3392857142857142,0.9687397135727741,0.0,4.0,1.0,2.0,1.0,2.0,1.0,2.0,3.0,1.0,0.0,2.0,0.0,0.0,2.0,2.0,0.0,1.0,4.0,4.0,1.0,1.0,0.0,1.0,1.0,1.0,1.0,2.0,3.0,3.0,2.0,1.0,2.0,0.0,1.0,1.0,2.0,2.0,1.0,1.0,1.0,1.0,1.0,0.0,1.0,1.0,2.0,1.0,2.0,2.0,1.0,1.0,0.0,1.0,2.0,2.0,0.0,1.0,1.0,3.0,0.0
13.9,1.125,1.0011154493149843,0.0,4.0,0.0,2.0,1.0,1.0,1.0,2.0,2.0,1.0,1.0,0.0,0.0,0.0,1.0,2.0,1.0,0.0,2.0,2.0,1.0,1.0,1.0,1.0,0.0,0.0,2.0,1.0,4.0,4.0,1.0,1.0,2.0,0.0,0.0,2.0,2.0,1.0,1.0,2.0,2.0,0.0,2.0,0.0,0.0,0.0,1.0,1.0,2.0,1.0,0.0,3.0,1.0,3.0,1.0,2.0,0.0,0.0,0.0,1.0,0.0
14.0,1.125,1.2401396810728333,0.0,5.0,0.0,2.0,1.0,1.0,4.0,0.0,1.0,1.0,0.0,2.0,0.0,0.0,0.0,2.0,1.0,0.0,2.0,1.0,1.0,0.0,0.0,2.0,0.0,0.0,1.0,1.0,4.0,4.0,3.0,2.0,2.0,0.0,0.0,1.0,1.0,1.0,0.0,1.0,1.0,0.0,2.0,0.0,0.0,0.0,2.0,1.0,2.0,1.0,0.0,3.0,2.0,5.0,0.0,3.0,0.0,0.0,1.0,1.0,0.0
14.1,1.0535714285714286,1.0423127248223205,0.0,4.0,0.0,2.0,1.0,0.0,3.0,0.0,1.0,1.0,0.0,1.0,0.0,0.0,0.0,3.0,1.0,0.0,2.0,1.0,2.0,1.0,0.0,1.0,0.0,1.0,0.0,0.0,2.0,3.0,4.0,2.0,3.0,0.0,1.0,1.0,2.0,2.0,0.0,1.0,1.0,0.0,1.0,0.0,0.0,0.0,1.0,3.0,2.0,0.0,2.0,1.0,1.0,3.0,0.0,1.0,1.0,0.0,1.0,1.0,1.0
14.2,1.1071428571428572,0.976117883479746,0.0,3.0,0.0,2.0,1.0,3.0,2.0,0.0,2.0,1.0,0.0,1.0,1.0,1.0,1.0,1.0,1.0,1.0,1.0,1.0,2.0,1.0,0.0,1.0,0.0,1.0,0.0,0.0,3.0,3.0,3.0,2.0,3.0,0.0,1.0,2.0,1.0,3.0,0.0,0.0,1.0,1.0,1.0,0.0,0.0,0.0,1.0,2.0,2.0,1.0,2.0,0.0,0.0,0.0,0.0,1.0,1.0,0.0,1.0,2.0,3.0
14.3,1.0178571428571428,1.1258500190105798,0.0,4.0,0.0,2.0,1.0,4.0,3.0,0.0,2.0,1.0,0.0,4.0,1.0,1.0,1.0,1.0,0.0,1.0,2.0,0.0,2.0,0.0,0.0,1.0,1.0,0.0,2.0,0.0,1.0,1.0,3.0,3.0,2.0,0.0,1.0,1.0,1.0,2.0,0.0,0.0,0.0,3.0,0.0,0.0,0.0,0.0,0.0,0.0,0.0,0.0,0.0,3.0,0.0,2.0,0.0,2.0,0.0,1.0,1.0,1.0,2.0
14.4,1.125,1.2401396810728333,0.0,6.0,0.0,2.0,1.0,1.0,2.0,2.0,3.0,1.0,1.0,4.0,1.0,0.0,1.0,1.0,1.0,2.0,6.0,1.0,2.0,0.0,0.0,1.0,2.0,1.0,1.0,0.0,1.0,1.0,4.0,2.0,2.0,0.0,1.0,1.0,0.0,3.0,0.0,1.0,0.0,2.0,0.0,0.0,0.0,0.0,0.0,0.0,0.0,0.0,0.0,2.0,0.0,2.0,3.0,1.0,0.0,2.0,0.0,0.0,1.0
14.5,1.1785714285714286,1.1355795068274745,0.0,4.0,0.0,2.0,1.0,1.0,2.0,3.0,3.0,2.0,0.0,2.0,0.0,0.0,0.0,0.0,2.0,2.0,3.0,3.0,3.0,0.0,2.0,1.0,1.0,3.0,1.0,1.0,0.0,1.0,2.0,1.0,2.0,0.0,1.0,1.0,0.0,4.0,0.0,1.0,0.0,1.0,0.0,0.0,0.0,0.0,0.0,0.0,1.0,0.0,0.0,2.0,1.0,4.0,1.0,2.0,0.0,1.0,2.0,1.0,2.0
14.6,1.0892857142857142,1.313076889739267,0.0,6.0,0.0,1.0,1.0,1.0,2.0,1.0,3.0,0.0,1.0,2.0,0.0,0.0,0.0,1.0,2.0,3.0,0.0,0.0,4.0,0.0,1.0,4.0,0.0,6.0,1.0,1.0,1.0,2.0,1.0,0.0,2.0,0.0,1.0,1.0,1.0,1.0,0.0,0.0,0.0,0.0,0.0,0.0,0.0,0.0,0.0,1.0,1.0,1.0,1.0,2.0,0.0,4.0,1.0,4.0,0.0,0.0,1.0,1.0,1.0
14.7,0.8928571428571429,1.1445300256401478,0.0,6.0,0.0,1.0,1.0,0.0,1.0,0.0,2.0,0.0,2.0,2.0,0.0,0.0,0.0,1.0,1.0,4.0,0.0,1.0,2.0,1.0,2.0,3.0,0.0,6.0,0.0,0.0,1.0,0.0,1.0,0.0,1.0,0.0,0.0,1.0,1.0,2.0,0.0,1.0,1.0,0.0,0.0,0.0,0.0,0.0,0.0,1.0,0.0,1.0,2.0,1.0,0.0,2.0,0.0,2.0,1.0,0.0,0.0,2.0,1.0
14.8,0.9642857142857143,0.9251309890706158,0.0,3.0,0.0,2.0,1.0,1.0,3.0,1.0,2.0,1.0,1.0,1.0,0.0,0.0,0.0,1.0,1.0,2.0,1.0,1.0,3.0,1.0,2.0,0.0,0.0,3.0,0.0,0.0,1.0,1.0,2.0,0.0,2.0,1.0,2.0,0.0,2.0,2.0,0.0,0.0,1.0,0.0,0.0,0.0,0.0,0.0,1.0,1.0,3.0,1.0,1.0,2.0,0.0,2.0,2.0,0.0,0.0,0.0,0.0,1.0,1.0
14.9,1.0892857142857142,0.9117641008014102,0.0,3.0,0.0,2.0,1.0,3.0,2.0,2.0,2.0,3.0,0.0,1.0,1.0,0.0,2.0,0.0,1.0,2.0,0.0,3.0,2.0,2.0,1.0,0.0,1.0,1.0,0.0,1.0,1.0,1.0,2.0,1.0,1.0,0.0,1.0,0.0,1.0,1.0,0.0,3.0,2.0,0.0,1.0,0.0,0.0,0.0,2.0,0.0,1.0,2.0,1.0,2.0,0.0,2.0,0.0,1.0,1.0,1.0,2.0,0.0,1.0
15.0,1.1964285714285714,1.140483025131126,0.0,4.0,0.0,2.0,1.0,4.0,2.0,3.0,3.0,2.0,0.0,1.0,1.0,2.0,3.0,2.0,0.0,1.0,0.0,3.0,1.0,3.0,1.0,0.0,1.0,0.0,1.0,1.0,2.0,2.0,0.0,3.0,1.0,0.0,1.0,0.0,1.0,0.0,0.0,4.0,3.0,0.0,3.0,0.0,0.0,0.0,1.0,0.0,1.0,1.0,2.0,1.0,0.0,1.0,0.0,1.0,1.0,1.0,1.0,1.0,0.0
"","","","","","","","","","","","","","","","","","","","","","","","","","","","","","","","","","","","","","","","","","","","","","","","","","","","","","","","","","","","","","","",""
"",1.0488338192419828,1.0542584805950939,0.0,4.061224489795919,0.04081632653061224,1.7142857142857142,0.9795918367346939,1.8775510204081634,1.3265306122448979,1.6122448979591837,2.326530612244898,1.3265306122448979,0.2857142857142857,1.0408163265306123,0.3469387755102041,0.40816326530612246,1.1428571428571428,1.1224489795918366,0.7551020408163265,1.183673469387755,1.530612244897959,1.653061224489796,1.2857142857142858,0.7142857142857143,1.0204081632653061,1.2244897959183674,1.2244897959183674,2.2857142857142856,0.7551020408163265,0.5306122448979592,1.8775510204081634,1.7755102040816326,1.653061224489796,1.4081632653061225,1.2653061224489797,0.42857142857142855,0.9183673469387755,0.5306122448979592,1.1020408163265305,1.0612244897959184,0.6326530612244898,1.0,1.2244897959183674,1.1428571428571428,0.7346938775510204,0.04081632653061224,0.6326530612244898,0.08163265306122448,0.7959183673469388,0.7346938775510204,1.5510204081632653,0.8163265306122449,0.8979591836734694,1.0612244897959184,0.42857142857142855,1.5510204081632653,0.6326530612244898,1.4081632653061225,0.7142857142857143,0.6326530612244898,0.9183673469387755,1.530612244897959,0.5714285714285714
