"time","mean","stdev","min","max","q1","q3","median","s9","s8","s3","s2","s1","s7","s6","s5","s4","s19","s18","s13","s12","s11","s10","s17","s16","s15","s14","s30","s22","s23","s20","s21","s26","s27","s24","s25","s28","s29"
0.10000000000000001,0.0014666666666666671,0.0012578641509408803,0.0014666666666666671,0.0050000000000000001,0.001,0.002,0.001,0.005,0.001,0.002,0.001,0.0,0.003,0.004,0.0,0.0,0.001,0.004,0.001,0.002,0.002,0.003,0.001,0.001,0.001,0.001,0.0,0.001,0.0,0.002,0.001,0.002,0.0,0.001,0.002,0.001,0.001
0.20000000000000001,0.0027666666666666673,0.0021707653540219921,0.0027666666666666673,0.0089999999999999993,0.001,0.0030000000000000001,0.002,0.009,0.002,0.005,0.001,0.001,0.003,0.008,0.003,0.003,0.002,0.007,0.002,0.004,0.003,0.006,0.002,0.003,0.002,0.001,0.0,0.001,0.001,0.003,0.001,0.002,0.001,0.001,0.003,0.002,0.001
0.29999999999999999,0.0046666666666666679,0.002855793332080519,0.0046666666666666679,0.014,0.0030000000000000001,0.0050000000000000001,0.0040000000000000001,0.014,0.003,0.005,0.002,0.003,0.009,0.009,0.004,0.004,0.003,0.009,0.003,0.005,0.006,0.009,0.005,0.004,0.002,0.003,0.001,0.002,0.003,0.005,0.004,0.003,0.004,0.003,0.008,0.003,0.002
0.40000000000000002,0.0059666666666666696,0.0034494766108627102,0.0059666666666666696,0.017000000000000001,0.0040000000000000001,0.0070000000000000001,0.0050000000000000001,0.017,0.005,0.005,0.002,0.003,0.011,0.011,0.006,0.005,0.005,0.012,0.004,0.005,0.007,0.01,0.007,0.005,0.003,0.004,0.002,0.003,0.003,0.009,0.006,0.004,0.004,0.004,0.01,0.004,0.003
0.5,0.0074666666666666692,0.0043107101760872556,0.0074666666666666692,0.021999999999999999,0.0042500000000000003,0.0094999999999999998,0.0060000000000000001,0.022,0.007,0.007,0.003,0.004,0.013,0.013,0.008,0.006,0.006,0.016,0.004,0.005,0.007,0.01,0.01,0.006,0.005,0.004,0.002,0.004,0.005,0.013,0.007,0.007,0.006,0.005,0.011,0.004,0.004
0.59999999999999998,0.0089333333333333383,0.0047604855027845883,0.0089333333333333383,0.024,0.0060000000000000001,0.010750000000000001,0.0070000000000000001,0.024,0.007,0.008,0.006,0.006,0.016,0.014,0.01,0.007,0.006,0.018,0.007,0.008,0.01,0.012,0.011,0.007,0.005,0.004,0.003,0.006,0.005,0.016,0.009,0.008,0.007,0.006,0.014,0.004,0.004
0.69999999999999996,0.010533333333333337,0.0053835139288593119,0.010533333333333337,0.025999999999999999,0.0070000000000000001,0.012999999999999999,0.0085000000000000006,0.026,0.008,0.009,0.006,0.007,0.019,0.015,0.011,0.008,0.008,0.019,0.008,0.008,0.012,0.013,0.014,0.009,0.006,0.004,0.003,0.009,0.007,0.02,0.012,0.013,0.007,0.007,0.018,0.006,0.004
0.80000000000000004,0.012033333333333339,0.0057066238316149376,0.012033333333333339,0.028000000000000001,0.0082500000000000004,0.014999999999999999,0.01,0.028,0.008,0.009,0.007,0.008,0.021,0.017,0.014,0.011,0.008,0.019,0.009,0.009,0.014,0.016,0.015,0.01,0.007,0.004,0.005,0.01,0.01,0.022,0.013,0.015,0.009,0.009,0.021,0.009,0.004
0.90000000000000002,0.013466666666666674,0.0061412991748941497,0.013466666666666674,0.029000000000000001,0.0092499999999999995,0.017749999999999998,0.012,0.029,0.008,0.009,0.007,0.01,0.022,0.018,0.018,0.014,0.01,0.02,0.01,0.009,0.014,0.017,0.017,0.011,0.008,0.004,0.005,0.013,0.013,0.024,0.016,0.018,0.01,0.011,0.024,0.011,0.004
1.0,0.014800000000000006,0.0064982048803240017,0.014800000000000006,0.031,0.009499999999999998,0.019,0.0135,0.031,0.008,0.009,0.009,0.013,0.023,0.019,0.021,0.018,0.013,0.021,0.011,0.009,0.014,0.018,0.019,0.012,0.008,0.004,0.005,0.016,0.014,0.024,0.019,0.019,0.012,0.011,0.026,0.013,0.005
1.1000000000000001,0.016000000000000007,0.0067032330507996903,0.016000000000000007,0.034000000000000002,0.01125,0.021250000000000002,0.014999999999999999,0.034,0.011,0.009,0.011,0.015,0.023,0.022,0.024,0.022,0.013,0.022,0.012,0.011,0.017,0.019,0.019,0.012,0.008,0.005,0.006,0.016,0.015,0.024,0.019,0.019,0.013,0.012,0.027,0.014,0.006
1.2,0.017200000000000007,0.0073275734955941139,0.017200000000000007,0.037999999999999999,0.01225,0.022500000000000003,0.016500000000000001,0.038,0.012,0.009,0.011,0.015,0.024,0.025,0.027,0.024,0.014,0.023,0.013,0.012,0.017,0.019,0.019,0.013,0.008,0.005,0.008,0.018,0.016,0.025,0.021,0.019,0.014,0.015,0.029,0.017,0.006
1.3,0.017000000000000008,0.0073484692283495344,0.017000000000000008,0.035999999999999997,0.010999999999999999,0.021750000000000002,0.016500000000000001,0.036,0.011,0.005,0.011,0.014,0.026,0.023,0.027,0.024,0.016,0.021,0.011,0.01,0.014,0.018,0.02,0.014,0.009,0.004,0.01,0.019,0.016,0.026,0.022,0.018,0.016,0.018,0.028,0.017,0.006
1.3999999999999999,0.01716666666666667,0.0076205132518894179,0.01716666666666667,0.035999999999999997,0.01225,0.02,0.017999999999999999,0.036,0.013,0.004,0.012,0.015,0.027,0.02,0.028,0.024,0.015,0.018,0.012,0.009,0.013,0.018,0.018,0.013,0.009,0.003,0.012,0.02,0.015,0.027,0.023,0.019,0.018,0.018,0.031,0.019,0.006
1.5,0.016766666666666673,0.0068929110122082837,0.016766666666666673,0.033000000000000002,0.012,0.021000000000000001,0.016,0.033,0.013,0.005,0.012,0.014,0.023,0.019,0.028,0.023,0.015,0.016,0.012,0.009,0.012,0.016,0.017,0.012,0.011,0.002,0.014,0.021,0.016,0.024,0.022,0.02,0.018,0.019,0.029,0.021,0.007
1.6000000000000001,0.016900000000000009,0.0073500566891237882,0.016900000000000009,0.035000000000000003,0.012999999999999999,0.021999999999999999,0.0155,0.035,0.01,0.005,0.012,0.014,0.025,0.019,0.025,0.023,0.014,0.013,0.014,0.011,0.013,0.02,0.015,0.014,0.009,0.001,0.014,0.021,0.017,0.023,0.022,0.022,0.016,0.018,0.032,0.023,0.007
1.7,0.017633333333333341,0.0075959784681691187,0.017633333333333341,0.035999999999999997,0.012999999999999999,0.021999999999999999,0.016,0.036,0.011,0.005,0.011,0.015,0.025,0.022,0.028,0.024,0.015,0.014,0.014,0.012,0.013,0.021,0.015,0.013,0.009,0.003,0.015,0.022,0.017,0.022,0.023,0.021,0.017,0.019,0.034,0.025,0.008
1.8,0.017266666666666673,0.0073978975992432415,0.017266666666666673,0.035000000000000003,0.01125,0.022749999999999999,0.017000000000000001,0.035,0.01,0.005,0.009,0.013,0.023,0.024,0.028,0.025,0.016,0.014,0.012,0.01,0.011,0.023,0.018,0.016,0.01,0.003,0.015,0.021,0.016,0.021,0.022,0.018,0.018,0.018,0.031,0.024,0.009
1.8999999999999999,0.016800000000000006,0.0074404300950953097,0.016800000000000006,0.034000000000000002,0.01,0.022749999999999999,0.017000000000000001,0.034,0.01,0.005,0.008,0.011,0.02,0.025,0.026,0.024,0.018,0.015,0.01,0.01,0.008,0.022,0.019,0.015,0.008,0.003,0.015,0.023,0.016,0.021,0.024,0.016,0.018,0.018,0.029,0.024,0.009
2.0,0.016700000000000007,0.0072807966597069574,0.016700000000000007,0.033000000000000002,0.010999999999999999,0.02,0.016,0.033,0.011,0.006,0.009,0.011,0.025,0.023,0.026,0.024,0.017,0.013,0.011,0.01,0.008,0.02,0.018,0.013,0.009,0.004,0.018,0.018,0.015,0.02,0.019,0.015,0.02,0.015,0.033,0.026,0.011
2.1000000000000001,0.016700000000000007,0.0073898579147369265,0.016700000000000007,0.034000000000000002,0.010999999999999999,0.021999999999999999,0.014999999999999999,0.034,0.011,0.007,0.009,0.01,0.027,0.023,0.024,0.023,0.015,0.014,0.011,0.01,0.009,0.022,0.017,0.014,0.009,0.004,0.019,0.017,0.013,0.021,0.018,0.012,0.022,0.015,0.033,0.026,0.012
2.2000000000000002,0.016833333333333343,0.0069286041563619101,0.016833333333333343,0.034000000000000002,0.012,0.021000000000000001,0.017000000000000001,0.034,0.009,0.007,0.01,0.009,0.028,0.022,0.021,0.019,0.017,0.017,0.011,0.012,0.012,0.022,0.021,0.015,0.011,0.005,0.019,0.017,0.012,0.021,0.019,0.012,0.021,0.014,0.032,0.024,0.012
2.2999999999999998,0.017200000000000003,0.0073457470688827829,0.017200000000000003,0.036999999999999998,0.010999999999999999,0.021500000000000002,0.016,0.032,0.01,0.007,0.011,0.01,0.029,0.02,0.024,0.019,0.018,0.015,0.01,0.01,0.012,0.024,0.022,0.014,0.011,0.006,0.019,0.017,0.013,0.02,0.019,0.014,0.023,0.014,0.037,0.025,0.011
2.3999999999999999,0.016966666666666675,0.0066956868372275461,0.016966666666666675,0.034000000000000002,0.012,0.021750000000000002,0.017000000000000001,0.03,0.009,0.007,0.01,0.012,0.026,0.018,0.023,0.021,0.017,0.017,0.01,0.009,0.014,0.023,0.024,0.014,0.011,0.006,0.019,0.016,0.014,0.021,0.018,0.017,0.022,0.012,0.034,0.023,0.012
2.5,0.016933333333333342,0.0071690693646773666,0.016933333333333342,0.035999999999999997,0.010999999999999999,0.021750000000000002,0.016500000000000001,0.033,0.009,0.008,0.011,0.012,0.029,0.022,0.022,0.021,0.017,0.017,0.01,0.011,0.015,0.022,0.022,0.011,0.009,0.006,0.016,0.014,0.015,0.021,0.017,0.017,0.02,0.01,0.036,0.023,0.012
2.6000000000000001,0.017200000000000007,0.0073047929470998699,0.017200000000000007,0.035000000000000003,0.01125,0.021999999999999999,0.016,0.034,0.009,0.009,0.01,0.01,0.031,0.023,0.022,0.02,0.017,0.016,0.011,0.012,0.017,0.022,0.022,0.012,0.008,0.007,0.016,0.014,0.016,0.023,0.016,0.018,0.018,0.01,0.035,0.025,0.013
2.7000000000000002,0.016700000000000007,0.0074348279513830494,0.016700000000000007,0.034000000000000002,0.01,0.021000000000000001,0.0155,0.033,0.008,0.007,0.009,0.01,0.031,0.021,0.021,0.019,0.02,0.017,0.009,0.01,0.015,0.022,0.023,0.012,0.007,0.009,0.017,0.013,0.015,0.023,0.015,0.016,0.019,0.01,0.034,0.025,0.011
2.7999999999999998,0.016733333333333336,0.0076416984732162506,0.016733333333333336,0.035000000000000003,0.01,0.021750000000000002,0.016,0.029,0.008,0.007,0.008,0.008,0.033,0.022,0.021,0.018,0.023,0.015,0.009,0.01,0.017,0.021,0.025,0.012,0.008,0.008,0.016,0.013,0.016,0.024,0.016,0.015,0.019,0.01,0.035,0.025,0.011
2.8999999999999999,0.016866666666666676,0.0078219065592873352,0.016866666666666676,0.034000000000000002,0.0092499999999999995,0.022500000000000003,0.017000000000000001,0.03,0.007,0.008,0.007,0.01,0.033,0.02,0.023,0.019,0.025,0.017,0.008,0.009,0.017,0.02,0.023,0.009,0.007,0.007,0.017,0.013,0.017,0.025,0.017,0.015,0.021,0.011,0.034,0.025,0.012
3.0,0.016566666666666674,0.0079986804467292536,0.016566666666666674,0.035000000000000003,0.009499999999999998,0.020750000000000001,0.016,0.033,0.008,0.007,0.007,0.012,0.034,0.016,0.024,0.02,0.021,0.017,0.009,0.008,0.018,0.021,0.019,0.007,0.007,0.009,0.016,0.011,0.017,0.024,0.015,0.016,0.018,0.011,0.035,0.026,0.011
3.1000000000000001,0.016800000000000006,0.007682881403917847,0.016800000000000006,0.034000000000000002,0.0097499999999999983,0.02,0.016500000000000001,0.033,0.008,0.006,0.007,0.014,0.031,0.015,0.028,0.021,0.02,0.017,0.009,0.008,0.018,0.02,0.02,0.007,0.007,0.009,0.017,0.012,0.019,0.022,0.015,0.016,0.02,0.014,0.034,0.024,0.013
3.2000000000000002,0.016866666666666676,0.0074865805872166308,0.016866666666666676,0.034000000000000002,0.01125,0.021000000000000001,0.016,0.034,0.011,0.008,0.009,0.015,0.03,0.017,0.029,0.021,0.022,0.018,0.007,0.009,0.016,0.018,0.021,0.007,0.006,0.01,0.015,0.012,0.019,0.02,0.014,0.016,0.021,0.013,0.033,0.023,0.012
3.2999999999999998,0.016800000000000006,0.0077905926175954893,0.016800000000000006,0.035999999999999997,0.01125,0.020500000000000001,0.017000000000000001,0.036,0.012,0.007,0.009,0.016,0.029,0.018,0.029,0.021,0.023,0.018,0.007,0.008,0.014,0.017,0.019,0.006,0.005,0.009,0.017,0.013,0.017,0.022,0.015,0.018,0.018,0.014,0.034,0.022,0.011
3.3999999999999999,0.017000000000000008,0.0075232971495216103,0.017000000000000008,0.033000000000000002,0.010249999999999999,0.021999999999999999,0.016,0.033,0.012,0.008,0.008,0.016,0.028,0.022,0.03,0.026,0.022,0.015,0.009,0.008,0.016,0.021,0.02,0.009,0.005,0.01,0.018,0.011,0.017,0.023,0.013,0.017,0.015,0.014,0.032,0.022,0.01
3.5,0.016866666666666676,0.0073290896812329689,0.016866666666666676,0.034000000000000002,0.010999999999999999,0.021750000000000002,0.014999999999999999,0.034,0.011,0.008,0.007,0.016,0.029,0.02,0.027,0.023,0.023,0.015,0.008,0.007,0.015,0.022,0.023,0.012,0.006,0.009,0.019,0.011,0.017,0.021,0.015,0.015,0.015,0.015,0.031,0.021,0.011
3.6000000000000001,0.017133333333333341,0.0071634876670205513,0.017133333333333341,0.034000000000000002,0.012,0.021999999999999999,0.016,0.034,0.012,0.008,0.008,0.016,0.031,0.02,0.026,0.022,0.023,0.016,0.009,0.008,0.015,0.022,0.024,0.013,0.006,0.01,0.019,0.012,0.017,0.021,0.016,0.012,0.016,0.015,0.03,0.022,0.011
3.7000000000000002,0.016866666666666676,0.0068251170116139567,0.016866666666666676,0.032000000000000001,0.01125,0.021750000000000002,0.017000000000000001,0.032,0.012,0.007,0.007,0.016,0.027,0.019,0.027,0.022,0.024,0.019,0.009,0.006,0.014,0.022,0.025,0.017,0.005,0.01,0.017,0.016,0.015,0.021,0.019,0.011,0.018,0.014,0.026,0.018,0.011
3.7999999999999998,0.017133333333333341,0.0077146325612796078,0.017133333333333341,0.034000000000000002,0.012999999999999999,0.021750000000000002,0.016500000000000001,0.034,0.013,0.007,0.006,0.015,0.029,0.02,0.031,0.025,0.021,0.019,0.007,0.005,0.013,0.022,0.024,0.017,0.005,0.009,0.016,0.014,0.015,0.022,0.018,0.015,0.021,0.013,0.03,0.017,0.011
3.8999999999999999,0.017533333333333338,0.0078176438621592095,0.017533333333333338,0.035999999999999997,0.012999999999999999,0.021750000000000002,0.016500000000000001,0.036,0.013,0.007,0.006,0.015,0.029,0.021,0.031,0.026,0.019,0.019,0.01,0.005,0.013,0.023,0.025,0.016,0.006,0.009,0.016,0.014,0.016,0.022,0.018,0.017,0.019,0.014,0.032,0.017,0.012
4.0,0.017933333333333343,0.0080702471392695846,0.017933333333333343,0.037999999999999999,0.01225,0.022749999999999999,0.016500000000000001,0.038,0.013,0.008,0.006,0.015,0.028,0.023,0.032,0.028,0.018,0.02,0.01,0.006,0.014,0.024,0.024,0.016,0.006,0.009,0.016,0.015,0.017,0.022,0.017,0.015,0.021,0.012,0.032,0.021,0.012
4.0999999999999996,0.017833333333333343,0.0078446726438321738,0.017833333333333343,0.036999999999999998,0.012,0.022749999999999999,0.017000000000000001,0.037,0.011,0.009,0.007,0.015,0.028,0.024,0.031,0.028,0.018,0.019,0.012,0.007,0.014,0.023,0.025,0.016,0.005,0.011,0.015,0.017,0.017,0.022,0.019,0.013,0.019,0.012,0.032,0.019,0.01
4.2000000000000002,0.017500000000000009,0.0076843997813752498,0.017500000000000009,0.035000000000000003,0.012,0.02375,0.016500000000000001,0.035,0.013,0.012,0.006,0.012,0.026,0.028,0.028,0.025,0.02,0.019,0.014,0.007,0.015,0.024,0.024,0.018,0.004,0.011,0.013,0.019,0.015,0.023,0.022,0.012,0.015,0.009,0.03,0.019,0.007
4.2999999999999998,0.018233333333333341,0.0078514683693915212,0.018233333333333341,0.033000000000000002,0.01225,0.025250000000000002,0.017500000000000002,0.033,0.01,0.014,0.007,0.013,0.027,0.031,0.027,0.027,0.021,0.018,0.014,0.007,0.017,0.029,0.026,0.021,0.007,0.009,0.013,0.018,0.016,0.023,0.023,0.012,0.017,0.008,0.03,0.02,0.009
4.4000000000000004,0.017633333333333341,0.0072639903328374231,0.017633333333333341,0.029999999999999999,0.01125,0.022749999999999999,0.017000000000000001,0.029,0.011,0.014,0.006,0.012,0.023,0.03,0.028,0.026,0.019,0.018,0.016,0.008,0.019,0.028,0.028,0.021,0.007,0.011,0.01,0.016,0.016,0.021,0.022,0.012,0.016,0.007,0.027,0.018,0.01
4.5,0.017766666666666674,0.0073152048653624341,0.017766666666666674,0.032000000000000001,0.0115,0.0235,0.017999999999999999,0.032,0.009,0.014,0.005,0.013,0.026,0.03,0.024,0.022,0.02,0.022,0.015,0.009,0.018,0.025,0.028,0.019,0.007,0.011,0.01,0.017,0.018,0.024,0.022,0.014,0.016,0.006,0.027,0.02,0.01
4.5999999999999996,0.018033333333333342,0.0071762726320067369,0.018033333333333342,0.032000000000000001,0.012,0.023,0.019,0.031,0.009,0.017,0.008,0.012,0.023,0.032,0.023,0.022,0.02,0.023,0.017,0.011,0.02,0.022,0.031,0.021,0.009,0.012,0.007,0.018,0.019,0.024,0.023,0.016,0.015,0.005,0.024,0.019,0.008
4.7000000000000002,0.017566666666666675,0.0070032532122975208,0.017566666666666675,0.034000000000000002,0.012,0.021750000000000002,0.017999999999999999,0.03,0.01,0.018,0.007,0.01,0.024,0.034,0.022,0.023,0.017,0.021,0.019,0.012,0.018,0.021,0.025,0.018,0.01,0.012,0.006,0.018,0.019,0.027,0.021,0.017,0.014,0.005,0.023,0.018,0.008
4.7999999999999998,0.017866666666666677,0.0077318964182289847,0.017866666666666677,0.036999999999999998,0.012,0.022749999999999999,0.017999999999999999,0.036,0.01,0.019,0.007,0.012,0.025,0.037,0.023,0.025,0.014,0.022,0.017,0.012,0.018,0.021,0.024,0.016,0.011,0.011,0.006,0.016,0.02,0.027,0.02,0.018,0.014,0.005,0.023,0.019,0.008
4.9000000000000004,0.017566666666666671,0.0079064671138392925,0.017566666666666671,0.037999999999999999,0.012,0.021750000000000002,0.017000000000000001,0.035,0.009,0.021,0.009,0.011,0.026,0.038,0.02,0.022,0.016,0.022,0.019,0.012,0.017,0.022,0.026,0.017,0.012,0.013,0.005,0.014,0.019,0.029,0.02,0.015,0.011,0.004,0.019,0.017,0.007
5.0,0.017300000000000003,0.0076032887621081445,0.017300000000000003,0.039,0.01225,0.021000000000000001,0.017000000000000001,0.035,0.009,0.019,0.011,0.011,0.024,0.039,0.02,0.021,0.016,0.023,0.018,0.013,0.015,0.021,0.023,0.016,0.012,0.013,0.005,0.014,0.018,0.026,0.018,0.014,0.011,0.004,0.021,0.021,0.008
5.0999999999999996,0.017000000000000005,0.0072846871358121243,0.017000000000000005,0.040000000000000001,0.01225,0.020750000000000001,0.016,0.032,0.009,0.019,0.012,0.01,0.023,0.04,0.021,0.022,0.015,0.023,0.017,0.015,0.017,0.02,0.023,0.016,0.012,0.013,0.005,0.012,0.015,0.025,0.016,0.013,0.013,0.005,0.02,0.018,0.009
5.2000000000000002,0.017400000000000006,0.0070738956735309586,0.017400000000000006,0.039,0.012999999999999999,0.021000000000000001,0.016500000000000001,0.031,0.011,0.02,0.012,0.011,0.023,0.039,0.023,0.021,0.017,0.024,0.016,0.013,0.017,0.02,0.025,0.017,0.013,0.013,0.005,0.012,0.015,0.025,0.016,0.014,0.015,0.005,0.021,0.018,0.01
5.2999999999999998,0.017666666666666671,0.0074803446147591055,0.017666666666666671,0.039,0.014,0.02,0.016,0.032,0.012,0.019,0.014,0.01,0.025,0.039,0.02,0.021,0.018,0.026,0.015,0.014,0.016,0.02,0.027,0.02,0.014,0.012,0.004,0.012,0.014,0.029,0.018,0.016,0.014,0.005,0.019,0.015,0.01
5.4000000000000004,0.017000000000000005,0.0065726706900619937,0.017000000000000005,0.034000000000000002,0.012500000000000001,0.02,0.016,0.03,0.011,0.018,0.015,0.011,0.023,0.034,0.02,0.02,0.018,0.026,0.014,0.016,0.016,0.014,0.026,0.019,0.012,0.012,0.005,0.012,0.014,0.027,0.017,0.016,0.014,0.007,0.02,0.014,0.009
5.5,0.017200000000000003,0.0064982048803240008,0.017200000000000003,0.034000000000000002,0.012999999999999999,0.019,0.016500000000000001,0.03,0.013,0.017,0.014,0.01,0.024,0.034,0.019,0.018,0.018,0.026,0.014,0.017,0.016,0.013,0.027,0.019,0.011,0.012,0.007,0.014,0.015,0.027,0.018,0.017,0.012,0.011,0.022,0.014,0.007
5.5999999999999996,0.016866666666666672,0.0061845686097648624,0.016866666666666672,0.033000000000000002,0.012999999999999999,0.019,0.016,0.03,0.012,0.017,0.014,0.009,0.024,0.033,0.019,0.019,0.016,0.023,0.012,0.013,0.014,0.014,0.025,0.019,0.01,0.012,0.008,0.016,0.018,0.025,0.018,0.017,0.013,0.013,0.022,0.015,0.006
5.7000000000000002,0.016966666666666675,0.0055406578029047141,0.016966666666666675,0.031,0.01325,0.01975,0.016,0.028,0.012,0.016,0.013,0.009,0.024,0.031,0.019,0.019,0.016,0.022,0.013,0.014,0.016,0.016,0.025,0.02,0.009,0.014,0.01,0.016,0.018,0.021,0.018,0.015,0.013,0.015,0.024,0.016,0.007
5.7999999999999998,0.016533333333333341,0.0058237063418029207,0.016533333333333341,0.029999999999999999,0.012999999999999999,0.01975,0.0155,0.028,0.012,0.014,0.011,0.009,0.025,0.03,0.02,0.02,0.017,0.023,0.01,0.012,0.013,0.016,0.024,0.018,0.006,0.014,0.013,0.013,0.015,0.019,0.016,0.013,0.015,0.016,0.026,0.019,0.009
5.9000000000000004,0.016066666666666674,0.0053599336645978081,0.016066666666666674,0.027,0.012999999999999999,0.01975,0.0155,0.025,0.011,0.01,0.012,0.009,0.023,0.025,0.02,0.019,0.018,0.022,0.01,0.015,0.016,0.015,0.024,0.018,0.006,0.013,0.013,0.013,0.016,0.016,0.013,0.014,0.014,0.016,0.027,0.021,0.008
6.0,0.015933333333333338,0.0053162225519839011,0.015933333333333338,0.025999999999999999,0.012999999999999999,0.020500000000000001,0.014999999999999999,0.026,0.013,0.01,0.014,0.009,0.022,0.024,0.021,0.021,0.018,0.023,0.009,0.016,0.018,0.016,0.023,0.016,0.007,0.01,0.012,0.013,0.015,0.015,0.013,0.013,0.013,0.015,0.026,0.019,0.008
6.0999999999999996,0.016600000000000007,0.0057942500233708711,0.016600000000000007,0.028000000000000001,0.012999999999999999,0.021999999999999999,0.0155,0.028,0.015,0.009,0.013,0.009,0.025,0.026,0.022,0.022,0.022,0.023,0.01,0.015,0.019,0.017,0.024,0.016,0.006,0.011,0.013,0.013,0.013,0.016,0.014,0.014,0.014,0.016,0.026,0.018,0.009
6.2000000000000002,0.016366666666666675,0.0054740803387925861,0.016366666666666675,0.028000000000000001,0.012999999999999999,0.02,0.016,0.028,0.015,0.009,0.013,0.009,0.023,0.025,0.02,0.02,0.019,0.024,0.009,0.015,0.017,0.017,0.024,0.016,0.005,0.011,0.014,0.013,0.016,0.018,0.013,0.016,0.014,0.015,0.023,0.021,0.009
6.2999999999999998,0.016400000000000005,0.0064322106101505514,0.016400000000000005,0.032000000000000001,0.01125,0.019,0.016,0.032,0.016,0.011,0.013,0.01,0.027,0.026,0.019,0.019,0.017,0.026,0.008,0.014,0.017,0.016,0.023,0.015,0.004,0.01,0.014,0.012,0.018,0.018,0.011,0.017,0.011,0.014,0.025,0.022,0.007
6.4000000000000004,0.016066666666666674,0.0066829800405374699,0.016066666666666674,0.032000000000000001,0.010999999999999999,0.019,0.0155,0.032,0.015,0.01,0.011,0.009,0.028,0.026,0.019,0.019,0.015,0.023,0.007,0.016,0.017,0.017,0.019,0.012,0.003,0.008,0.015,0.012,0.019,0.017,0.009,0.019,0.011,0.014,0.027,0.023,0.01
6.5,0.016866666666666676,0.0069891980147144843,0.016866666666666676,0.031,0.01125,0.02,0.016500000000000001,0.031,0.014,0.01,0.01,0.008,0.029,0.028,0.021,0.02,0.015,0.023,0.008,0.016,0.017,0.017,0.02,0.013,0.005,0.009,0.017,0.012,0.019,0.019,0.009,0.02,0.014,0.014,0.031,0.026,0.011
6.5999999999999996,0.016800000000000006,0.007700216447174283,0.016800000000000006,0.034000000000000002,0.010249999999999999,0.021000000000000001,0.0155,0.034,0.016,0.011,0.009,0.007,0.03,0.028,0.022,0.021,0.014,0.023,0.008,0.015,0.015,0.02,0.017,0.012,0.005,0.009,0.017,0.01,0.018,0.021,0.007,0.02,0.014,0.012,0.032,0.027,0.01
6.7000000000000002,0.01663333333333334,0.0070070599318750575,0.01663333333333334,0.031,0.010999999999999999,0.021750000000000002,0.0155,0.031,0.015,0.012,0.009,0.01,0.028,0.028,0.022,0.022,0.014,0.023,0.009,0.014,0.016,0.021,0.016,0.011,0.005,0.01,0.018,0.009,0.017,0.021,0.007,0.019,0.015,0.011,0.028,0.027,0.011
6.7999999999999998,0.017366666666666673,0.0067600953313462142,0.017366666666666673,0.032000000000000001,0.012,0.023,0.016,0.032,0.016,0.013,0.01,0.011,0.027,0.029,0.024,0.023,0.015,0.024,0.01,0.015,0.017,0.021,0.015,0.01,0.006,0.01,0.017,0.013,0.016,0.023,0.011,0.018,0.016,0.012,0.03,0.025,0.012
6.9000000000000004,0.017633333333333338,0.0069305282787261039,0.017633333333333338,0.031,0.01225,0.025500000000000002,0.016,0.031,0.016,0.013,0.01,0.012,0.027,0.03,0.026,0.026,0.015,0.024,0.01,0.015,0.016,0.021,0.016,0.009,0.008,0.009,0.017,0.013,0.016,0.026,0.013,0.018,0.017,0.01,0.028,0.026,0.011
7.0,0.017733333333333341,0.0067475098287359987,0.017733333333333341,0.029999999999999999,0.01225,0.024250000000000001,0.016,0.028,0.017,0.014,0.008,0.011,0.027,0.029,0.03,0.027,0.015,0.021,0.01,0.012,0.017,0.022,0.016,0.011,0.008,0.009,0.019,0.014,0.015,0.025,0.014,0.016,0.019,0.012,0.028,0.025,0.013
7.0999999999999996,0.018100000000000008,0.0069395004623291623,0.018100000000000008,0.032000000000000001,0.01225,0.024250000000000001,0.017500000000000002,0.027,0.018,0.014,0.008,0.01,0.028,0.028,0.032,0.025,0.014,0.022,0.009,0.012,0.014,0.021,0.018,0.011,0.008,0.011,0.019,0.015,0.015,0.029,0.017,0.018,0.022,0.012,0.028,0.025,0.013
7.2000000000000002,0.017733333333333341,0.007004443034404821,0.017733333333333341,0.033000000000000002,0.01225,0.02375,0.017000000000000001,0.025,0.018,0.012,0.007,0.01,0.025,0.027,0.033,0.026,0.014,0.02,0.008,0.012,0.016,0.024,0.018,0.013,0.007,0.01,0.018,0.014,0.015,0.028,0.015,0.018,0.023,0.011,0.029,0.023,0.013
7.2999999999999998,0.017933333333333343,0.0070044430344048218,0.017933333333333343,0.034000000000000002,0.01225,0.022749999999999999,0.016500000000000001,0.027,0.017,0.013,0.008,0.011,0.025,0.026,0.034,0.026,0.014,0.02,0.009,0.011,0.016,0.023,0.019,0.013,0.007,0.011,0.019,0.015,0.015,0.028,0.015,0.019,0.021,0.012,0.031,0.022,0.011
7.4000000000000004,0.018200000000000008,0.0068186020072543716,0.018200000000000008,0.034000000000000002,0.01225,0.021750000000000002,0.017000000000000001,0.026,0.017,0.011,0.008,0.011,0.025,0.027,0.034,0.027,0.017,0.018,0.011,0.013,0.016,0.022,0.021,0.014,0.008,0.012,0.018,0.016,0.013,0.029,0.017,0.018,0.021,0.012,0.031,0.021,0.012
7.5,0.017533333333333338,0.0067810192613074211,0.017533333333333338,0.033000000000000002,0.010999999999999999,0.021999999999999999,0.016500000000000001,0.027,0.016,0.011,0.009,0.012,0.024,0.027,0.033,0.027,0.019,0.019,0.011,0.011,0.014,0.022,0.022,0.014,0.009,0.011,0.015,0.015,0.01,0.029,0.018,0.017,0.02,0.01,0.027,0.017,0.01
7.5999999999999996,0.018166666666666675,0.0074434908178592912,0.018166666666666675,0.033000000000000002,0.0115,0.024,0.017000000000000001,0.031,0.016,0.01,0.01,0.013,0.029,0.026,0.033,0.027,0.02,0.02,0.01,0.009,0.013,0.024,0.024,0.015,0.008,0.011,0.016,0.014,0.013,0.029,0.019,0.018,0.02,0.01,0.029,0.019,0.009
7.7000000000000002,0.017800000000000007,0.0069923768014412196,0.017800000000000007,0.032000000000000001,0.0115,0.02375,0.016,0.031,0.015,0.01,0.011,0.015,0.028,0.023,0.032,0.026,0.022,0.018,0.011,0.009,0.013,0.024,0.024,0.014,0.009,0.01,0.013,0.015,0.015,0.029,0.02,0.018,0.017,0.01,0.026,0.017,0.009
7.7999999999999998,0.01723333333333334,0.0069218655160456725,0.01723333333333334,0.032000000000000001,0.012,0.021000000000000001,0.0155,0.026,0.012,0.008,0.012,0.013,0.028,0.021,0.032,0.027,0.021,0.018,0.011,0.01,0.013,0.02,0.024,0.012,0.01,0.009,0.012,0.015,0.014,0.029,0.021,0.016,0.018,0.009,0.028,0.018,0.01
7.9000000000000004,0.017566666666666675,0.0070364921816358349,0.017566666666666675,0.029999999999999999,0.010999999999999999,0.021999999999999999,0.016500000000000001,0.027,0.011,0.009,0.012,0.013,0.029,0.022,0.03,0.028,0.02,0.019,0.011,0.01,0.014,0.022,0.028,0.016,0.011,0.008,0.011,0.014,0.014,0.029,0.019,0.017,0.018,0.009,0.028,0.017,0.011
8.0,0.01673333333333334,0.0062977950285970892,0.01673333333333334,0.027,0.010999999999999999,0.02,0.016500000000000001,0.027,0.009,0.01,0.014,0.014,0.027,0.02,0.026,0.024,0.02,0.019,0.011,0.011,0.014,0.02,0.027,0.016,0.011,0.008,0.01,0.012,0.013,0.026,0.017,0.017,0.017,0.008,0.027,0.017,0.01
8.0999999999999996,0.016500000000000008,0.0065306967469022795,0.016500000000000008,0.029000000000000001,0.01125,0.021750000000000002,0.0155,0.029,0.009,0.009,0.013,0.012,0.025,0.022,0.026,0.024,0.019,0.02,0.013,0.011,0.014,0.021,0.025,0.016,0.01,0.008,0.009,0.012,0.014,0.026,0.015,0.018,0.016,0.006,0.027,0.017,0.009
8.1999999999999993,0.017066666666666674,0.006865048352989866,0.017066666666666674,0.031,0.01125,0.02375,0.016,0.031,0.006,0.01,0.014,0.012,0.026,0.024,0.025,0.025,0.019,0.021,0.013,0.011,0.015,0.023,0.027,0.017,0.01,0.009,0.011,0.012,0.014,0.025,0.013,0.018,0.018,0.006,0.027,0.02,0.01
8.3000000000000007,0.016866666666666676,0.0071355136854718143,0.016866666666666676,0.033000000000000002,0.010999999999999999,0.022500000000000003,0.0155,0.033,0.007,0.011,0.014,0.014,0.029,0.023,0.027,0.026,0.018,0.019,0.011,0.008,0.011,0.019,0.024,0.013,0.01,0.008,0.012,0.012,0.017,0.025,0.013,0.019,0.018,0.007,0.027,0.021,0.01
8.4000000000000004,0.017733333333333341,0.0075096974343548326,0.017733333333333341,0.034000000000000002,0.01125,0.024,0.016,0.034,0.007,0.011,0.014,0.014,0.03,0.024,0.028,0.028,0.019,0.02,0.011,0.009,0.013,0.02,0.026,0.013,0.011,0.008,0.016,0.012,0.016,0.024,0.014,0.019,0.018,0.008,0.03,0.025,0.01
8.5,0.017333333333333343,0.0069681816534556251,0.017333333333333343,0.032000000000000001,0.012,0.022749999999999999,0.0155,0.032,0.007,0.01,0.013,0.013,0.028,0.022,0.026,0.026,0.02,0.018,0.012,0.009,0.014,0.02,0.027,0.014,0.01,0.009,0.015,0.012,0.016,0.023,0.015,0.021,0.017,0.009,0.029,0.024,0.009
8.5999999999999996,0.017466666666666675,0.0071027381261657739,0.017466666666666675,0.035000000000000003,0.0115,0.0235,0.0155,0.035,0.01,0.009,0.013,0.014,0.029,0.021,0.025,0.026,0.016,0.017,0.014,0.008,0.015,0.024,0.027,0.015,0.011,0.008,0.014,0.011,0.017,0.022,0.013,0.02,0.017,0.011,0.029,0.024,0.009
8.6999999999999993,0.017666666666666674,0.0065387732454609219,0.017666666666666674,0.031,0.01225,0.021750000000000002,0.016,0.031,0.01,0.009,0.013,0.014,0.025,0.021,0.026,0.026,0.016,0.019,0.016,0.01,0.019,0.022,0.03,0.015,0.012,0.009,0.015,0.011,0.015,0.021,0.013,0.019,0.019,0.011,0.03,0.023,0.01
8.8000000000000007,0.017666666666666674,0.0063315787043113419,0.017666666666666674,0.031,0.012,0.021500000000000002,0.016500000000000001,0.03,0.01,0.011,0.012,0.014,0.022,0.022,0.025,0.025,0.016,0.019,0.017,0.012,0.02,0.02,0.03,0.014,0.011,0.012,0.016,0.01,0.013,0.019,0.011,0.017,0.02,0.013,0.031,0.027,0.011
8.9000000000000004,0.017333333333333343,0.006389227044191044,0.017333333333333343,0.034000000000000002,0.012999999999999999,0.021999999999999999,0.0155,0.034,0.013,0.011,0.014,0.014,0.022,0.024,0.023,0.023,0.014,0.022,0.017,0.013,0.021,0.022,0.027,0.014,0.01,0.01,0.014,0.009,0.013,0.018,0.011,0.017,0.017,0.012,0.029,0.024,0.008
9.0,0.017333333333333343,0.0067445451209765736,0.017333333333333343,0.035999999999999997,0.01225,0.021750000000000002,0.0155,0.036,0.013,0.012,0.014,0.014,0.02,0.026,0.022,0.023,0.015,0.021,0.019,0.012,0.021,0.024,0.027,0.016,0.009,0.01,0.014,0.009,0.013,0.017,0.009,0.018,0.014,0.01,0.029,0.024,0.009
9.0999999999999996,0.017800000000000003,0.0071339563590852809,0.017800000000000003,0.037999999999999999,0.012,0.023,0.016500000000000001,0.038,0.015,0.012,0.012,0.011,0.023,0.028,0.025,0.024,0.014,0.022,0.018,0.01,0.019,0.023,0.026,0.013,0.009,0.01,0.016,0.01,0.013,0.021,0.01,0.019,0.017,0.012,0.028,0.026,0.01
9.1999999999999993,0.017500000000000009,0.0070981218173072616,0.017500000000000009,0.035999999999999997,0.01125,0.021750000000000002,0.017000000000000001,0.036,0.014,0.011,0.01,0.012,0.021,0.026,0.027,0.026,0.014,0.019,0.017,0.008,0.018,0.022,0.025,0.012,0.008,0.01,0.018,0.011,0.014,0.021,0.011,0.02,0.017,0.014,0.029,0.026,0.008
9.3000000000000007,0.017466666666666675,0.0067908435083983169,0.017466666666666675,0.034000000000000002,0.01225,0.022749999999999999,0.017000000000000001,0.034,0.014,0.009,0.01,0.014,0.022,0.023,0.027,0.027,0.014,0.017,0.017,0.009,0.018,0.02,0.024,0.013,0.007,0.009,0.017,0.012,0.015,0.024,0.012,0.019,0.017,0.016,0.029,0.026,0.009
9.4000000000000004,0.018200000000000004,0.0069923768014412187,0.018200000000000004,0.036999999999999998,0.01225,0.024,0.017500000000000002,0.037,0.017,0.01,0.01,0.013,0.024,0.025,0.026,0.024,0.014,0.019,0.019,0.011,0.019,0.023,0.025,0.016,0.006,0.01,0.017,0.012,0.013,0.025,0.012,0.019,0.018,0.015,0.03,0.026,0.011
9.5,0.017833333333333336,0.007559026980299045,0.017833333333333336,0.037999999999999999,0.01125,0.022749999999999999,0.017999999999999999,0.038,0.021,0.01,0.008,0.012,0.026,0.023,0.026,0.022,0.012,0.018,0.018,0.01,0.018,0.023,0.022,0.015,0.005,0.009,0.016,0.01,0.014,0.028,0.011,0.02,0.019,0.013,0.03,0.027,0.011
9.5999999999999996,0.018066666666666672,0.0076242303801032198,0.018066666666666672,0.036999999999999998,0.012,0.024,0.017000000000000001,0.037,0.02,0.009,0.008,0.012,0.028,0.024,0.027,0.024,0.012,0.017,0.018,0.011,0.017,0.024,0.02,0.016,0.004,0.009,0.015,0.011,0.015,0.029,0.011,0.02,0.023,0.013,0.029,0.026,0.013
9.6999999999999993,0.018300000000000007,0.0078321984993572104,0.018300000000000007,0.035999999999999997,0.01225,0.024750000000000001,0.017000000000000001,0.036,0.019,0.01,0.008,0.013,0.028,0.027,0.029,0.025,0.011,0.018,0.017,0.014,0.017,0.024,0.019,0.015,0.004,0.01,0.014,0.011,0.015,0.029,0.01,0.018,0.023,0.012,0.031,0.028,0.014
9.8000000000000007,0.017600000000000008,0.0079732887401205623,0.017600000000000008,0.034000000000000002,0.01125,0.024250000000000001,0.0155,0.034,0.014,0.009,0.007,0.011,0.029,0.029,0.026,0.025,0.01,0.017,0.014,0.014,0.014,0.021,0.017,0.013,0.002,0.012,0.017,0.011,0.016,0.029,0.01,0.02,0.022,0.011,0.032,0.027,0.015
9.9000000000000004,0.017833333333333343,0.0084698812795037971,0.017833333333333343,0.035999999999999997,0.010999999999999999,0.024750000000000001,0.016,0.036,0.014,0.01,0.006,0.011,0.029,0.032,0.027,0.027,0.01,0.016,0.013,0.013,0.012,0.023,0.017,0.014,0.002,0.011,0.016,0.011,0.016,0.029,0.01,0.022,0.025,0.01,0.031,0.024,0.018
10.0,0.01790000000000001,0.0082233407647581604,0.01790000000000001,0.033000000000000002,0.01225,0.025500000000000002,0.0155,0.033,0.015,0.01,0.005,0.013,0.029,0.031,0.03,0.03,0.012,0.014,0.011,0.013,0.01,0.021,0.017,0.014,0.002,0.01,0.017,0.014,0.016,0.03,0.013,0.021,0.027,0.011,0.027,0.021,0.02
10.1,0.018333333333333344,0.0082637091483721108,0.018333333333333344,0.033000000000000002,0.012999999999999999,0.025750000000000002,0.0155,0.032,0.013,0.011,0.007,0.014,0.027,0.032,0.033,0.033,0.011,0.014,0.013,0.015,0.012,0.019,0.016,0.013,0.003,0.01,0.018,0.014,0.016,0.027,0.012,0.019,0.031,0.013,0.028,0.022,0.022
10.199999999999999,0.018000000000000009,0.0080124902496040516,0.018000000000000009,0.033000000000000002,0.01225,0.024000000000000004,0.016,0.033,0.014,0.011,0.007,0.013,0.028,0.033,0.032,0.03,0.014,0.017,0.012,0.016,0.012,0.018,0.016,0.011,0.002,0.012,0.017,0.013,0.015,0.025,0.012,0.016,0.03,0.013,0.027,0.02,0.021
10.300000000000001,0.017766666666666674,0.0067856875521612086,0.017766666666666674,0.031,0.012999999999999999,0.022000000000000002,0.017000000000000001,0.031,0.013,0.01,0.008,0.013,0.025,0.029,0.03,0.028,0.017,0.019,0.014,0.017,0.012,0.017,0.019,0.013,0.004,0.013,0.019,0.013,0.014,0.023,0.012,0.016,0.028,0.013,0.025,0.019,0.019
10.4,0.017700000000000007,0.0070717748832948559,0.017700000000000007,0.034000000000000002,0.01225,0.024500000000000001,0.016,0.034,0.013,0.009,0.008,0.012,0.025,0.027,0.03,0.027,0.017,0.023,0.013,0.015,0.01,0.019,0.021,0.014,0.007,0.012,0.016,0.013,0.012,0.025,0.014,0.018,0.027,0.01,0.026,0.016,0.018
10.5,0.017366666666666676,0.0074854674017206333,0.017366666666666676,0.033000000000000002,0.01125,0.022000000000000002,0.016500000000000001,0.032,0.012,0.007,0.007,0.011,0.027,0.024,0.033,0.029,0.016,0.019,0.014,0.015,0.011,0.017,0.017,0.011,0.007,0.011,0.019,0.012,0.012,0.023,0.012,0.017,0.028,0.011,0.029,0.019,0.019
10.6,0.017566666666666675,0.0075351767656033726,0.017566666666666675,0.032000000000000001,0.012,0.023750000000000004,0.017000000000000001,0.032,0.009,0.008,0.006,0.01,0.028,0.025,0.031,0.029,0.018,0.019,0.015,0.014,0.013,0.017,0.018,0.012,0.006,0.014,0.019,0.012,0.012,0.025,0.012,0.017,0.027,0.011,0.03,0.02,0.018
10.699999999999999,0.017300000000000006,0.0074213655526908688,0.017300000000000006,0.033000000000000002,0.01125,0.022750000000000003,0.016,0.033,0.007,0.012,0.006,0.01,0.028,0.028,0.03,0.027,0.017,0.018,0.018,0.015,0.015,0.017,0.019,0.013,0.006,0.015,0.018,0.011,0.009,0.025,0.011,0.015,0.024,0.011,0.029,0.017,0.015
10.800000000000001,0.017200000000000003,0.0067250774468898622,0.017200000000000003,0.035000000000000003,0.012,0.021750000000000002,0.016,0.035,0.008,0.013,0.009,0.012,0.024,0.027,0.028,0.025,0.018,0.021,0.018,0.016,0.017,0.015,0.022,0.012,0.007,0.016,0.017,0.011,0.009,0.025,0.011,0.015,0.021,0.011,0.025,0.015,0.013
10.9,0.016966666666666675,0.0064677834087283909,0.016966666666666675,0.035000000000000003,0.01125,0.021750000000000002,0.014999999999999999,0.035,0.009,0.012,0.01,0.011,0.023,0.025,0.028,0.022,0.02,0.021,0.016,0.015,0.015,0.014,0.025,0.012,0.011,0.013,0.016,0.011,0.011,0.024,0.011,0.015,0.021,0.011,0.026,0.013,0.013
11.0,0.017333333333333336,0.0065132343902413207,0.017333333333333336,0.035000000000000003,0.012,0.023,0.014999999999999999,0.035,0.011,0.012,0.01,0.011,0.023,0.024,0.028,0.023,0.023,0.022,0.018,0.015,0.018,0.014,0.027,0.013,0.012,0.012,0.015,0.012,0.009,0.025,0.013,0.012,0.019,0.013,0.025,0.015,0.011
11.1,0.017733333333333337,0.006752448115724812,0.017733333333333337,0.033000000000000002,0.01225,0.023,0.014999999999999999,0.033,0.011,0.011,0.011,0.01,0.022,0.026,0.028,0.023,0.023,0.023,0.019,0.015,0.018,0.014,0.031,0.014,0.014,0.012,0.015,0.012,0.01,0.028,0.013,0.013,0.018,0.013,0.026,0.016,0.01
11.199999999999999,0.01666666666666667,0.0067494855771055287,0.01666666666666667,0.033000000000000002,0.01125,0.021999999999999999,0.014499999999999999,0.033,0.01,0.01,0.011,0.009,0.022,0.023,0.022,0.018,0.022,0.024,0.018,0.014,0.016,0.015,0.029,0.014,0.015,0.012,0.013,0.01,0.012,0.029,0.01,0.014,0.014,0.011,0.027,0.017,0.006
11.300000000000001,0.016833333333333343,0.0067235076824196131,0.016833333333333343,0.033000000000000002,0.010999999999999999,0.021750000000000002,0.014999999999999999,0.033,0.01,0.01,0.011,0.01,0.021,0.025,0.024,0.021,0.023,0.022,0.016,0.012,0.013,0.017,0.029,0.015,0.014,0.011,0.011,0.01,0.012,0.028,0.012,0.015,0.017,0.011,0.027,0.017,0.008
11.4,0.017200000000000003,0.0068818602136341001,0.017200000000000003,0.034000000000000002,0.01125,0.022749999999999999,0.0155,0.034,0.01,0.009,0.011,0.01,0.024,0.023,0.023,0.022,0.023,0.02,0.018,0.014,0.016,0.016,0.027,0.012,0.015,0.01,0.013,0.011,0.012,0.028,0.013,0.015,0.018,0.01,0.031,0.02,0.008
11.5,0.016833333333333343,0.007348847226303969,0.016833333333333343,0.033000000000000002,0.010999999999999999,0.020750000000000001,0.014999999999999999,0.033,0.009,0.008,0.009,0.01,0.025,0.022,0.02,0.021,0.025,0.018,0.016,0.014,0.016,0.015,0.03,0.011,0.015,0.011,0.011,0.009,0.012,0.029,0.013,0.014,0.018,0.009,0.033,0.019,0.01
11.6,0.016966666666666672,0.0078421227285020781,0.016966666666666672,0.036999999999999998,0.010499999999999999,0.021000000000000001,0.016,0.037,0.013,0.007,0.009,0.009,0.026,0.024,0.017,0.021,0.023,0.019,0.017,0.014,0.017,0.021,0.033,0.014,0.015,0.012,0.009,0.009,0.01,0.026,0.012,0.012,0.018,0.008,0.032,0.017,0.008
11.699999999999999,0.016966666666666675,0.007644097214336185,0.016966666666666675,0.036999999999999998,0.010999999999999999,0.021500000000000002,0.0155,0.037,0.011,0.007,0.01,0.009,0.023,0.026,0.015,0.019,0.027,0.02,0.016,0.016,0.017,0.022,0.035,0.014,0.017,0.011,0.009,0.011,0.009,0.024,0.015,0.012,0.017,0.009,0.027,0.015,0.009
11.800000000000001,0.017833333333333336,0.0083189876520857724,0.017833333333333336,0.041000000000000002,0.012,0.022749999999999999,0.016500000000000001,0.037,0.012,0.004,0.009,0.008,0.021,0.024,0.017,0.022,0.028,0.024,0.016,0.014,0.016,0.023,0.041,0.015,0.019,0.012,0.009,0.013,0.011,0.024,0.017,0.014,0.018,0.01,0.03,0.017,0.01
11.9,0.018133333333333338,0.0076669565162600355,0.018133333333333338,0.039,0.01325,0.021750000000000002,0.016,0.036,0.011,0.003,0.013,0.009,0.021,0.023,0.019,0.024,0.027,0.023,0.015,0.015,0.016,0.022,0.039,0.016,0.018,0.011,0.011,0.015,0.014,0.021,0.019,0.015,0.018,0.011,0.031,0.016,0.012
12.0,0.018633333333333339,0.0084714553386980428,0.018633333333333339,0.042000000000000003,0.012999999999999999,0.0235,0.017000000000000001,0.037,0.011,0.004,0.011,0.008,0.022,0.024,0.018,0.025,0.027,0.029,0.014,0.013,0.015,0.021,0.042,0.017,0.017,0.013,0.01,0.016,0.015,0.025,0.02,0.017,0.019,0.01,0.032,0.016,0.011
12.1,0.018800000000000004,0.0084711274338189479,0.018800000000000004,0.040000000000000001,0.014,0.022749999999999999,0.017000000000000001,0.037,0.012,0.004,0.012,0.008,0.022,0.026,0.02,0.025,0.023,0.03,0.014,0.015,0.014,0.022,0.04,0.017,0.015,0.014,0.011,0.015,0.015,0.026,0.018,0.02,0.018,0.008,0.035,0.017,0.011
12.199999999999999,0.01903333333333334,0.0086428518955775756,0.01903333333333334,0.041000000000000002,0.01325,0.023,0.017000000000000001,0.041,0.013,0.004,0.012,0.009,0.023,0.023,0.018,0.022,0.024,0.033,0.013,0.014,0.014,0.025,0.039,0.018,0.015,0.014,0.011,0.016,0.015,0.027,0.018,0.02,0.018,0.01,0.034,0.016,0.012
12.300000000000001,0.019400000000000008,0.0088415684883019104,0.019400000000000008,0.042000000000000003,0.012999999999999999,0.024,0.017500000000000002,0.042,0.013,0.006,0.011,0.012,0.021,0.024,0.02,0.026,0.026,0.034,0.014,0.014,0.013,0.027,0.04,0.019,0.014,0.013,0.011,0.016,0.014,0.024,0.019,0.019,0.017,0.01,0.034,0.018,0.011
12.4,0.019233333333333338,0.0090872927150438421,0.019233333333333338,0.042999999999999997,0.012999999999999999,0.023,0.017000000000000001,0.043,0.013,0.006,0.01,0.011,0.022,0.023,0.018,0.023,0.025,0.035,0.014,0.013,0.014,0.025,0.04,0.018,0.014,0.013,0.012,0.015,0.014,0.027,0.018,0.022,0.016,0.009,0.035,0.018,0.011
12.5,0.018966666666666673,0.0093647684909392674,0.018966666666666673,0.043999999999999997,0.012999999999999999,0.02375,0.014999999999999999,0.044,0.014,0.007,0.011,0.011,0.024,0.026,0.019,0.024,0.023,0.037,0.012,0.014,0.013,0.021,0.039,0.018,0.013,0.014,0.011,0.013,0.013,0.031,0.017,0.02,0.015,0.007,0.032,0.015,0.011
12.6,0.018300000000000004,0.00929211134959829,0.018300000000000004,0.041000000000000002,0.010999999999999999,0.024000000000000004,0.014,0.041,0.014,0.007,0.011,0.011,0.021,0.028,0.021,0.025,0.026,0.036,0.011,0.013,0.01,0.02,0.038,0.018,0.012,0.011,0.008,0.013,0.013,0.03,0.019,0.021,0.013,0.007,0.028,0.014,0.009
12.699999999999999,0.018666666666666672,0.0095405567039991025,0.018666666666666672,0.041000000000000002,0.010999999999999999,0.024750000000000001,0.0155,0.041,0.013,0.008,0.011,0.01,0.02,0.028,0.024,0.026,0.025,0.039,0.01,0.012,0.009,0.02,0.038,0.018,0.011,0.012,0.008,0.016,0.013,0.03,0.02,0.02,0.015,0.007,0.03,0.015,0.011
12.800000000000001,0.018200000000000004,0.0093822527500950787,0.018200000000000004,0.039,0.010249999999999999,0.024500000000000001,0.0155,0.039,0.011,0.009,0.01,0.01,0.021,0.028,0.023,0.026,0.025,0.036,0.008,0.011,0.006,0.016,0.038,0.018,0.009,0.013,0.007,0.018,0.014,0.03,0.021,0.02,0.015,0.008,0.029,0.015,0.012
12.9,0.017833333333333343,0.0091143964266550449,0.017833333333333343,0.039,0.010999999999999999,0.024,0.016500000000000001,0.039,0.012,0.009,0.011,0.011,0.021,0.027,0.024,0.027,0.024,0.035,0.008,0.011,0.006,0.016,0.034,0.019,0.007,0.011,0.007,0.017,0.013,0.029,0.021,0.019,0.017,0.006,0.028,0.015,0.011
13.0,0.017733333333333337,0.0096537845198427508,0.017733333333333337,0.039,0.0092499999999999995,0.02375,0.0155,0.038,0.013,0.009,0.009,0.009,0.02,0.026,0.023,0.024,0.026,0.035,0.007,0.01,0.005,0.016,0.039,0.018,0.008,0.015,0.006,0.015,0.01,0.034,0.02,0.022,0.017,0.007,0.026,0.013,0.012
13.1,0.018000000000000006,0.0099899949949937422,0.018000000000000006,0.039,0.0089999999999999993,0.025000000000000001,0.016,0.039,0.014,0.009,0.007,0.009,0.023,0.025,0.025,0.025,0.026,0.033,0.007,0.009,0.007,0.018,0.037,0.017,0.008,0.015,0.004,0.014,0.011,0.035,0.019,0.024,0.016,0.006,0.032,0.016,0.01
13.199999999999999,0.017800000000000007,0.0096967348456409117,0.017800000000000007,0.035000000000000003,0.0092499999999999995,0.026749999999999999,0.014499999999999999,0.035,0.013,0.009,0.006,0.011,0.024,0.024,0.028,0.027,0.027,0.03,0.006,0.008,0.006,0.017,0.034,0.015,0.008,0.013,0.005,0.013,0.013,0.035,0.018,0.026,0.014,0.008,0.033,0.018,0.01
13.300000000000001,0.017333333333333343,0.009589345939924972,0.017333333333333343,0.035999999999999997,0.0092499999999999995,0.025999999999999999,0.014,0.036,0.013,0.009,0.007,0.012,0.026,0.025,0.026,0.026,0.027,0.028,0.006,0.007,0.006,0.017,0.035,0.014,0.01,0.012,0.004,0.012,0.011,0.034,0.018,0.023,0.014,0.006,0.03,0.017,0.009
13.4,0.017366666666666673,0.0095794339893104097,0.017366666666666673,0.035999999999999997,0.01,0.025999999999999999,0.012999999999999999,0.035,0.013,0.009,0.01,0.013,0.026,0.026,0.027,0.026,0.028,0.028,0.004,0.01,0.006,0.013,0.033,0.012,0.008,0.012,0.004,0.013,0.012,0.036,0.02,0.022,0.014,0.006,0.029,0.018,0.008
13.5,0.017066666666666674,0.0089960485152587363,0.017066666666666674,0.034000000000000002,0.0092499999999999995,0.025000000000000001,0.014999999999999999,0.034,0.015,0.006,0.01,0.012,0.025,0.023,0.03,0.025,0.028,0.025,0.006,0.009,0.007,0.014,0.031,0.012,0.008,0.013,0.003,0.015,0.011,0.034,0.021,0.021,0.015,0.008,0.027,0.015,0.009
13.6,0.017033333333333341,0.0090902267420687726,0.017033333333333341,0.033000000000000002,0.0092499999999999995,0.024750000000000001,0.014999999999999999,0.031,0.015,0.004,0.007,0.012,0.024,0.019,0.03,0.025,0.03,0.026,0.006,0.007,0.006,0.014,0.033,0.012,0.009,0.013,0.004,0.018,0.01,0.029,0.023,0.022,0.015,0.009,0.031,0.017,0.01
13.699999999999999,0.017200000000000007,0.0093395217579202976,0.017200000000000007,0.033000000000000002,0.01,0.024500000000000001,0.014499999999999999,0.031,0.013,0.005,0.007,0.012,0.023,0.019,0.028,0.022,0.033,0.029,0.005,0.008,0.006,0.014,0.033,0.01,0.01,0.012,0.005,0.019,0.01,0.031,0.025,0.02,0.015,0.009,0.032,0.02,0.01
13.800000000000001,0.01673333333333334,0.0084337944537965174,0.01673333333333334,0.033000000000000002,0.01,0.0235,0.014999999999999999,0.033,0.015,0.005,0.008,0.011,0.024,0.019,0.025,0.019,0.028,0.028,0.006,0.009,0.009,0.015,0.031,0.01,0.011,0.012,0.005,0.019,0.01,0.028,0.022,0.019,0.013,0.008,0.031,0.019,0.01
13.9,0.01726666666666667,0.0084377458811909917,0.01726666666666667,0.035999999999999997,0.01,0.023000000000000003,0.017000000000000001,0.036,0.017,0.006,0.01,0.014,0.024,0.02,0.027,0.02,0.027,0.029,0.007,0.009,0.01,0.02,0.028,0.012,0.01,0.011,0.005,0.017,0.01,0.028,0.02,0.019,0.014,0.007,0.032,0.02,0.009
14.0,0.017000000000000008,0.007920437698343023,0.017000000000000008,0.033000000000000002,0.010249999999999999,0.021000000000000001,0.017000000000000001,0.033,0.016,0.006,0.01,0.012,0.021,0.021,0.03,0.02,0.028,0.029,0.007,0.011,0.011,0.019,0.024,0.012,0.009,0.009,0.006,0.018,0.01,0.026,0.02,0.018,0.016,0.008,0.031,0.018,0.011
14.1,0.017300000000000006,0.0079839422175597766,0.017300000000000006,0.034000000000000002,0.01,0.022749999999999999,0.016500000000000001,0.034,0.015,0.009,0.01,0.016,0.023,0.022,0.031,0.022,0.026,0.03,0.007,0.011,0.011,0.019,0.023,0.013,0.008,0.008,0.008,0.017,0.01,0.024,0.018,0.017,0.015,0.008,0.033,0.021,0.01
14.199999999999999,0.016800000000000006,0.0072956608108290417,0.016800000000000006,0.029999999999999999,0.010249999999999999,0.021999999999999999,0.0155,0.03,0.013,0.008,0.01,0.014,0.022,0.021,0.026,0.019,0.027,0.029,0.007,0.012,0.011,0.017,0.023,0.013,0.007,0.008,0.008,0.02,0.01,0.026,0.022,0.016,0.015,0.011,0.029,0.021,0.009
14.300000000000001,0.01716666666666667,0.0079585732948116317,0.01716666666666667,0.036999999999999998,0.01,0.023,0.0155,0.037,0.014,0.007,0.01,0.013,0.023,0.023,0.024,0.019,0.028,0.031,0.007,0.014,0.011,0.018,0.025,0.014,0.007,0.008,0.007,0.021,0.01,0.026,0.023,0.016,0.015,0.01,0.026,0.019,0.009
14.4,0.017600000000000005,0.008392854103342914,0.017600000000000005,0.036999999999999998,0.010249999999999999,0.024750000000000001,0.0155,0.037,0.015,0.008,0.009,0.013,0.025,0.024,0.025,0.021,0.028,0.031,0.006,0.014,0.011,0.018,0.026,0.014,0.007,0.006,0.008,0.021,0.009,0.026,0.024,0.014,0.016,0.011,0.03,0.021,0.01
14.5,0.017466666666666675,0.0080404532763326785,0.017466666666666675,0.036999999999999998,0.01125,0.025000000000000001,0.0155,0.037,0.013,0.01,0.008,0.012,0.025,0.025,0.023,0.02,0.026,0.03,0.006,0.013,0.011,0.016,0.025,0.013,0.006,0.007,0.009,0.022,0.011,0.025,0.025,0.013,0.016,0.015,0.03,0.02,0.012
14.6,0.017366666666666676,0.0078421227285020798,0.017366666666666676,0.036999999999999998,0.012,0.02375,0.016,0.037,0.012,0.01,0.008,0.013,0.024,0.026,0.022,0.023,0.026,0.029,0.007,0.012,0.013,0.018,0.024,0.013,0.005,0.006,0.01,0.019,0.011,0.024,0.023,0.013,0.016,0.016,0.03,0.019,0.012
14.699999999999999,0.017000000000000008,0.007949842765740716,0.017000000000000008,0.037999999999999999,0.010999999999999999,0.023,0.014999999999999999,0.038,0.013,0.011,0.008,0.014,0.027,0.027,0.022,0.023,0.023,0.028,0.006,0.012,0.015,0.019,0.023,0.011,0.005,0.006,0.01,0.017,0.011,0.025,0.02,0.012,0.015,0.014,0.029,0.017,0.009
14.800000000000001,0.016266666666666672,0.0070092003030937048,0.016266666666666672,0.036999999999999998,0.010249999999999999,0.021000000000000001,0.0155,0.037,0.014,0.01,0.008,0.015,0.022,0.027,0.021,0.022,0.02,0.026,0.008,0.012,0.016,0.021,0.023,0.013,0.005,0.006,0.01,0.015,0.011,0.019,0.017,0.01,0.016,0.014,0.024,0.016,0.01
14.9,0.016100000000000007,0.0066750780270096221,0.016100000000000007,0.033000000000000002,0.010999999999999999,0.021750000000000002,0.014999999999999999,0.033,0.011,0.009,0.008,0.014,0.024,0.024,0.021,0.022,0.017,0.025,0.008,0.011,0.015,0.022,0.024,0.013,0.006,0.006,0.01,0.014,0.011,0.02,0.017,0.012,0.015,0.016,0.027,0.016,0.012
15.0,0.016566666666666674,0.0063649212267098965,0.016566666666666674,0.032000000000000001,0.01125,0.021750000000000002,0.017000000000000001,0.032,0.011,0.009,0.009,0.013,0.024,0.025,0.022,0.023,0.019,0.022,0.009,0.012,0.017,0.021,0.024,0.014,0.006,0.006,0.01,0.015,0.014,0.02,0.017,0.011,0.017,0.019,0.026,0.017,0.013
"","","","","","","","","","","","","","","","","","","","","","","","","","","","","","","","","","","","","",""
"average",0.017446031746031754,0.007474149254761995,0.017446031746031754,0.03459047619047617,0.011609523809523807,0.022638095238095242,0.016014285714285703,0.03339047619047618,0.012780952380952372,0.010314285714285717,0.010066666666666672,0.011371428571428572,0.024676190476190463,0.026342857142857133,0.0248190476190476,0.02368571428571427,0.019799999999999995,0.0236190476190476,0.01213333333333333,0.012447619047619042,0.01416190476190475,0.019352380952380937,0.026238095238095224,0.014523809523809517,0.009000000000000006,0.010819047619047622,0.011752380952380946,0.01364761904761904,0.013666666666666657,0.025561904761904734,0.015761904761904755,0.017304761904761896,0.017323809523809512,0.010390476190476196,0.028114285714285692,0.019542857142857126,0.010771428571428574
